id_cliente,fecha_compra,monto_compra,id_metodo_pago,id_canal,tiempo
504308,2021-02-02,109.054,2,0,1022
504309,2021-10-10,35.326,1,0,865
504310,2021-08-27,89.353,2,2,900
504311,2021-06-10,27.22,1,0,793
504312,2021-06-08,28.531,0,0,729
504313,2021-11-10,16.611,1,2,878
504314,2021-02-01,44.661,1,1,807
504315,2021-09-12,54.977,2,3,689
504316,2021-03-15,42.839,1,0,525
504317,2021-02-04,43.883,1,1,932
504318,2021-07-12,49.296,0,0,859
504319,2021-12-23,20.614,1,1,651
504320,2021-09-26,36.122,0,0,992
504321,2021-10-05,73.833,1,0,824
504322,2021-09-19,34.432,0,4,757
504323,2021-10-14,18.26,0,1,919
504324,2021-07-07,58.086,0,1,880
504325,2021-02-16,37.418,1,0,833
504326,2021-11-03,38.581,1,1,726
504327,2021-06-14,34.512,0,0,1137
504328,2021-07-02,54.547,1,0,648
504329,2021-05-16,25.959,1,0,914
504330,2021-03-08,67.091,0,0,765
504331,2021-12-05,37.145,1,0,862
504332,2021-10-13,54.114,1,2,962
504333,2021-08-24,61.269,1,0,724
504334,2021-05-27,20.763,1,2,848
504335,2021-10-28,42.092,1,3,768
504336,2021-07-19,36.4,2,0,665
504337,2021-06-11,47.971,1,1,986
504338,2021-06-14,34.061,1,0,908
504339,2021-03-24,14.551,1,3,642
504340,2021-02-03,49.953,1,0,979
504341,2021-07-22,13.203,1,0,630
504342,2021-11-21,37.302,1,0,775
504343,2021-01-24,79.649,1,3,643
504344,2021-11-10,65.749,1,0,915
504345,2021-10-30,47.609,1,2,654
504346,2021-04-12,26.98,1,0,917
504347,2021-08-19,41.666,1,1,867
504348,2021-03-02,66.648,1,0,712
504349,2021-10-04,23.311,1,0,1109
504350,2021-09-13,50.156,2,0,646
504351,2021-05-10,24.582,2,0,526
504352,2021-01-25,31.125,2,2,894
504353,2021-12-21,29.736,0,1,373
504354,2021-06-12,49.77,1,0,1049
504355,2021-11-22,42.559,1,0,798
504356,2021-09-05,87.631,0,0,523
504357,2021-10-12,37.461,2,1,589
504358,2021-10-05,45.382,1,2,446
504359,2021-03-13,65.835,1,3,789
504360,2021-05-13,40.018,2,3,481
504361,2021-06-20,36.567,1,0,870
504362,2021-07-01,43.738,2,0,725
504363,2021-01-16,25.04,1,3,634
504364,2021-07-19,39.461,0,0,872
504365,2021-02-26,28.828,0,0,892
504366,2021-09-29,35.215,2,0,986
504367,2021-09-07,90.122,1,2,626
504368,2021-12-03,37.145,1,1,755
504369,2021-09-29,47.455,1,4,596
504370,2021-05-14,10.958,1,0,809
504371,2021-12-20,43.956,1,0,640
504372,2021-05-30,94.355,1,0,704
504373,2021-04-29,24.116,1,2,665
504374,2021-11-27,57.005,1,0,833
504375,2021-05-16,25.685,2,3,721
504376,2021-01-28,19.711,2,0,871
504377,2021-06-21,32.957,1,2,721
504378,2021-10-18,24.89,1,2,636
504379,2021-03-11,36.864,0,0,814
504380,2021-06-18,29.596,2,1,595
504381,2021-02-17,23.001,2,0,882
504382,2021-09-08,43.592,1,2,689
504383,2021-06-23,59.907,2,2,777
504384,2021-05-01,52.725,1,1,800
504385,2021-03-24,36.024,1,0,1068
504386,2021-07-26,34.815,1,4,779
504387,2021-09-02,44.184,2,3,733
504388,2021-12-10,27.867,2,1,635
504389,2021-06-09,51.11,1,4,854
504390,2021-02-28,20.253,0,0,731
504391,2021-10-31,15.963,0,0,505
504392,2021-08-18,46.13,1,0,745
504393,2021-09-13,25.068,2,0,814
504394,2021-02-05,24.912,1,0,633
504395,2021-04-25,22.379,0,1,739
504396,2021-10-08,47.15,1,0,767
504397,2021-10-31,27.586,2,0,770
504398,2021-06-08,77.678,2,1,982
504399,2021-10-21,46.04,2,2,504
504400,2021-11-04,39.422,1,4,1076
504401,2021-05-22,70.68,2,0,774
504402,2021-11-24,22.527,2,2,844
504403,2021-04-16,43.711,2,0,803
504404,2021-03-29,14.177,1,0,469
504405,2021-09-07,32.205,1,1,570
504406,2021-08-21,19.35,2,0,686
504407,2021-02-21,49.074,0,2,919
504408,2021-10-31,58.634,1,0,531
504409,2021-03-14,31.905,1,0,626
504410,2021-10-21,92.996,2,0,810
504411,2021-01-03,23.933,1,0,865
504412,2021-10-18,23.731,0,0,860
504413,2021-10-15,28.267,1,0,603
504414,2021-10-12,42.813,0,0,492
504415,2021-08-31,52.509,0,2,837
504416,2021-06-22,59.243,0,0,1038
504417,2021-09-15,30.648,1,1,698
504418,2021-04-12,60.955,1,1,554
504419,2021-10-12,26.323,1,0,703
504420,2021-07-22,133.484,1,0,851
504421,2021-06-17,57.89,1,1,718
504422,2021-07-04,13.852,0,2,993
504423,2021-07-27,28.111,0,0,946
504424,2021-01-14,24.409,1,2,773
504425,2021-02-21,90.835,1,0,428
504426,2021-03-31,27.27,1,0,655
504427,2021-02-11,14.96,1,0,681
504428,2021-06-10,55.324,1,0,646
504429,2021-09-01,9.602,1,0,814
504430,2021-08-27,33.743,2,0,818
504431,2021-06-21,59.331,1,0,479
504432,2021-11-09,30.123,1,1,905
504433,2021-07-26,66.759,1,0,783
504434,2021-01-29,42.401,2,2,804
504435,2021-10-07,23.322,2,3,854
504436,2021-07-29,39.992,1,0,642
504437,2021-08-20,79.535,2,0,1007
504438,2021-07-26,47.153,1,0,754
504439,2021-07-22,43.307,0,3,992
504440,2021-02-03,43.427,2,0,619
504441,2021-07-24,25.456,1,0,1039
504442,2021-10-18,16.679,1,4,547
504443,2021-04-21,41.921,2,0,1239
504444,2021-08-09,78.995,1,0,609
504445,2021-01-12,44.707,1,3,910
504446,2021-05-07,18.667,1,3,655
504447,2021-06-09,43.94,2,0,909
504448,2021-12-25,55.526,1,0,773
504449,2021-03-20,60.335,0,0,584
504450,2021-04-11,46.62,2,0,277
504451,2021-05-30,40.28,1,0,1231
504452,2021-12-29,27.289,1,0,793
504453,2021-11-08,31.488,2,1,230
504454,2021-01-13,54.231,1,2,794
504455,2021-03-27,23.419,0,3,844
504456,2021-10-27,27.373,1,2,611
504457,2021-01-22,50.188,2,0,652
504458,2021-11-09,48.208,2,0,776
504459,2021-04-13,68.214,1,0,996
504460,2021-12-01,53.156,2,0,798
504461,2021-04-18,27.528,2,0,1043
504462,2021-06-08,69.423,1,2,944
504463,2021-08-30,40.508,2,0,739
504464,2021-02-16,48.524,2,0,497
504465,2021-07-23,28.651,1,0,739
504466,2021-07-04,44.525,1,4,805
504467,2021-10-14,28.543,2,1,771
504468,2021-12-30,15.819,2,0,894
504469,2021-08-31,80.217,1,0,935
504470,2021-05-30,26.272,1,3,816
504471,2021-05-29,27.555,0,0,730
504472,2021-06-02,30.899,0,1,854
504473,2021-10-25,82.028,0,1,1162
504474,2021-04-28,46.39,2,1,492
504475,2021-03-02,48.669,1,0,868
504476,2021-05-03,54.855,1,3,1050
504477,2021-01-09,47.452,0,0,569
504478,2021-02-08,39.269,1,0,960
504479,2021-02-02,38.695,0,0,984
504480,2021-10-09,69.767,1,0,514
504481,2021-09-21,20.608,2,0,908
504482,2021-09-12,23.404,2,2,691
504483,2021-06-18,52.896,0,2,729
504484,2021-09-19,41.238,1,0,722
504485,2021-02-28,30.59,1,2,976
504486,2021-11-25,124.213,1,4,690
504487,2021-07-02,20.827,1,0,697
504488,2021-12-09,35.155,1,1,680
504489,2021-02-25,40.267,1,4,649
504490,2021-07-01,28.941,1,2,546
504491,2021-09-12,26.251,1,0,695
504492,2021-06-30,29.93,0,3,741
504493,2021-06-12,73.871,0,1,833
504494,2021-03-02,28.312,2,0,997
504495,2021-05-20,42.199,1,0,823
504496,2021-03-29,26.92,1,0,695
504497,2021-04-21,48.707,1,0,598
504498,2021-09-07,54.531,2,0,833
504499,2021-08-19,32.433,1,0,759
504500,2021-08-10,47.159,1,2,725
504501,2021-05-13,33.978,1,1,807
504502,2021-12-17,41.997,1,0,873
504503,2021-02-01,49.602,1,0,829
504504,2021-05-06,38.357,1,0,749
504505,2021-02-13,37.025,1,0,636
504506,2021-05-04,18.404,0,1,650
504507,2021-12-18,20.077,0,0,933
504508,2021-05-14,15.593,0,3,644
504509,2021-11-28,21.055,0,0,538
504510,2021-06-30,48.542,2,0,989
504511,2021-09-13,29.262,1,2,570
504512,2021-06-16,26.125,1,0,786
504513,2021-04-08,78.769,1,0,868
504514,2021-10-06,60.126,1,0,781
504515,2021-12-20,17.98,2,1,314
504516,2021-04-07,28.313,1,0,850
504517,2021-10-12,26.225,1,2,979
504518,2021-04-06,36.716,2,1,902
504519,2021-09-19,18.986,1,3,338
504520,2021-10-15,25.745,2,1,1143
504521,2021-06-14,39.322,0,2,501
504522,2021-09-26,38.021,2,1,566
504523,2021-04-10,19.41,0,0,921
504524,2021-01-29,35.501,1,1,842
504525,2021-02-05,37.841,1,1,774
504526,2021-06-13,38.55,2,0,678
504527,2021-11-26,22.377,1,1,1000
504528,2021-02-16,54.422,1,0,773
504529,2021-06-16,27.982,1,0,498
504530,2021-09-14,24.954,1,0,1002
504531,2021-03-15,34.316,1,0,819
504532,2021-09-21,53.944,2,0,981
504533,2021-04-22,51.676,2,0,883
504534,2021-10-23,64.336,0,0,1210
504535,2021-07-31,26.3,2,0,724
504536,2021-07-19,17.742,1,1,763
504537,2021-03-06,28.692,1,0,910
504538,2021-06-19,10.592,2,4,655
504539,2021-11-09,28.125,1,2,884
504540,2021-01-08,31.007,1,0,249
504541,2021-10-04,28.031,1,0,767
504542,2021-06-29,49.564,2,0,761
504543,2021-09-20,32.933,1,0,755
504544,2021-08-31,40.668,1,0,622
504545,2021-06-07,40.513,1,1,923
504546,2021-04-23,18.145,1,1,669
504547,2021-08-17,51.774,0,0,816
504548,2021-02-21,28.002,1,1,753
504549,2021-08-02,38.558,1,0,870
504550,2021-02-04,51.442,0,2,998
504551,2021-08-26,26.853,1,3,755
504552,2021-08-18,26.415,1,0,931
504553,2021-01-31,40.941,1,2,766
504554,2021-10-04,27.265,1,2,649
504555,2021-06-01,78.166,1,0,755
504556,2021-10-15,41.761,0,0,729
504557,2021-01-16,20.94,1,2,842
504558,2021-03-07,105.559,2,0,799
504559,2021-06-30,39.995,1,0,637
504560,2021-03-10,35.107,1,1,720
504561,2021-05-01,80.598,1,0,505
504562,2021-08-30,48.034,1,0,747
504563,2021-02-22,32.05,1,4,710
504564,2021-09-05,20.377,0,0,1106
504565,2021-02-07,12.483,1,0,1023
504566,2021-03-05,61.828,2,1,574
504567,2021-08-03,38.044,1,0,816
504568,2021-10-17,37.004,0,1,799
504569,2021-03-04,38.38,0,1,719
504570,2021-04-20,40.177,2,0,750
504571,2021-12-04,53.434,2,0,716
504572,2021-12-28,24.642,1,3,1057
504573,2021-08-01,45.751,1,3,645
504574,2021-06-13,50.065,2,0,841
504575,2021-05-07,32.521,1,0,325
504576,2021-08-12,12.857,1,0,928
504577,2021-08-04,24.729,1,3,933
504578,2021-04-18,19.079,2,2,551
504579,2021-01-09,59.662,1,0,688
504580,2021-02-25,22.679,1,3,801
504581,2021-12-16,22.348,1,0,784
504582,2021-06-02,26.144,1,0,864
504583,2021-06-26,49.386,1,1,708
504584,2021-06-20,51.984,1,0,1115
504585,2021-10-13,25.595,1,1,639
504586,2021-01-24,29.432,1,0,1264
504587,2021-01-31,32.637,1,2,964
504588,2021-04-11,62.795,1,3,870
504589,2021-06-27,13.901,1,0,593
504590,2021-09-02,18.474,2,0,944
504591,2021-06-29,106.603,0,1,869
504592,2021-06-11,61.246,1,0,398
504593,2021-12-09,17.54,1,2,487
504594,2021-02-28,139.061,1,1,824
504595,2021-07-28,44.31,1,0,756
504596,2021-07-17,34.287,1,2,647
504597,2021-06-22,80.537,2,0,974
504598,2021-10-22,24.326,2,0,621
504599,2021-04-08,28.974,1,0,698
504600,2021-12-15,33.728,1,2,624
504601,2021-05-02,51.042,2,3,812
504602,2021-07-18,50.291,1,0,470
504603,2021-07-10,42.279,1,0,690
504604,2021-11-07,29.286,1,0,470
504605,2021-06-10,43.098,0,1,704
504606,2021-04-14,39.503,1,0,910
504607,2021-01-08,33.097,0,0,913
504608,2021-05-13,31.065,1,0,649
504609,2021-10-29,26.321,2,0,876
504610,2021-01-04,18.474,1,1,727
504611,2021-11-24,68.418,2,0,1025
504612,2021-07-18,49.049,2,0,757
504613,2021-02-21,55.061,1,0,245
504614,2021-04-21,21.402,0,0,941
504615,2021-07-22,28.788,1,0,697
504616,2021-04-26,34.929,1,0,731
504617,2021-02-09,42.339,1,0,840
504618,2021-09-01,25.5,1,0,524
504619,2021-09-03,78.667,2,0,793
504620,2021-02-13,53.046,2,1,856
504621,2021-04-13,37.973,2,0,846
504622,2021-03-31,45.527,1,0,672
504623,2021-08-29,30.706,2,1,939
504624,2021-09-24,25.757,2,0,600
504625,2021-09-23,13.512,2,0,667
504626,2021-12-09,50.88,1,2,716
504627,2021-10-08,37.012,1,0,833
504628,2021-04-28,57.828,1,3,662
504629,2021-02-09,54.005,1,0,1001
504630,2021-08-13,34.525,0,3,773
504631,2021-12-01,35.722,1,2,754
504632,2021-12-22,29.284,2,0,827
504633,2021-03-26,20.443,1,0,912
504634,2021-03-28,23.554,1,1,803
504635,2021-01-14,22.04,1,0,454
504636,2021-02-21,30.469,1,0,976
504637,2021-07-22,48.291,1,3,742
504638,2021-07-19,50.039,0,1,883
504639,2021-05-16,17.143,1,3,647
504640,2021-04-24,50.445,1,2,411
504641,2021-10-30,36.558,0,2,330
504642,2021-06-17,48.929,0,1,590
504643,2021-10-23,45.001,1,1,853
504644,2021-12-18,15.183,1,3,954
504645,2021-04-26,39.03,1,1,814
504646,2021-03-15,69.899,1,0,591
504647,2021-12-14,20.928,2,1,619
504648,2021-08-20,25.888,1,0,1025
504649,2021-04-17,13.87,1,3,484
504650,2021-08-15,34.797,1,1,1138
504651,2021-07-07,18.409,2,1,1098
504652,2021-11-27,23.275,0,0,1164
504653,2021-04-04,39.105,0,0,849
504654,2021-12-28,50.523,1,0,719
504655,2021-12-08,14.911,1,1,824
504656,2021-03-07,26.98,2,1,924
504657,2021-03-02,35.899,1,0,663
504658,2021-07-14,34.003,1,0,582
504659,2021-01-17,50.153,1,0,729
504660,2021-04-20,55.322,2,0,641
504661,2021-06-08,48.543,1,2,963
504662,2021-12-20,37.87,2,3,609
504663,2021-12-29,31.445,0,2,757
504664,2021-02-25,27.83,1,0,957
504665,2021-11-22,47.3,1,0,1010
504666,2021-02-03,27.36,1,3,758
504667,2021-10-01,24.03,1,4,779
504668,2021-11-05,41.62,2,0,597
504669,2021-11-22,51.477,0,1,944
504670,2021-03-23,35.025,0,0,1007
504671,2021-11-23,47.97,1,0,443
504672,2021-02-12,31.028,2,4,1027
504673,2021-07-09,31.75,1,3,594
504674,2021-06-21,46.301,1,4,817
504675,2021-04-26,24.51,1,0,794
504676,2021-01-09,48.354,1,0,769
504677,2021-10-09,30.451,0,3,683
504678,2021-05-03,32.96,1,1,581
504679,2021-08-30,37.509,2,0,874
504680,2021-05-30,52.402,2,0,729
504681,2021-05-17,12.971,1,0,544
504682,2021-11-20,23.515,1,1,574
504683,2021-02-04,54.441,1,2,507
504684,2021-09-26,47.31,2,0,686
504685,2021-09-30,34.273,1,0,867
504686,2021-05-19,34.284,1,0,652
504687,2021-04-06,48.104,2,1,936
504688,2021-01-02,83.871,2,0,759
504689,2021-12-08,33.155,1,0,728
504690,2021-12-12,63.365,2,1,763
504691,2021-03-29,45.19,2,0,1031
504692,2021-01-12,23.558,1,1,513
504693,2021-02-14,27.974,1,1,1058
504694,2021-01-25,60.316,1,0,953
504695,2021-10-31,64.097,0,1,756
504696,2021-11-22,34.921,1,1,973
504697,2021-02-25,60.331,1,1,702
504698,2021-09-30,43.127,2,1,811
504699,2021-03-07,34.982,1,0,683
504700,2021-05-15,41.99,1,0,954
504701,2021-08-07,18.688,2,0,653
504702,2021-09-20,31.91,0,0,771
504703,2021-11-16,32.141,1,0,902
504704,2021-01-17,56.589,1,0,969
504705,2021-03-13,46.963,1,1,612
504706,2021-04-13,31.461,2,0,916
504707,2021-04-24,55.48,1,3,543
504708,2021-12-31,17.178,0,1,373
504709,2021-10-11,22.789,1,0,645
504710,2021-04-27,63.052,1,1,910
504711,2021-12-21,46.718,2,0,778
504712,2021-07-02,18.91,1,3,624
504713,2021-07-02,37.451,0,3,730
504714,2021-06-08,19.977,1,2,744
504715,2021-02-22,29.471,1,1,872
504716,2021-12-08,46.965,2,3,430
504717,2021-01-06,35.159,0,1,742
504718,2021-03-05,33.9,1,3,742
504719,2021-03-25,27.969,1,0,534
504720,2021-04-12,57.059,1,3,472
504721,2021-02-18,44.641,2,1,694
504722,2021-01-07,24.363,0,0,782
504723,2021-09-05,36.981,1,4,712
504724,2021-12-20,36.594,2,1,660
504725,2021-02-14,27.327,1,3,612
504726,2021-04-19,37.349,1,0,709
504727,2021-07-04,75.76,1,1,814
504728,2021-12-05,24.891,1,1,984
504729,2021-09-11,52.929,2,0,380
504730,2021-10-07,50.4,1,2,852
504731,2021-08-01,42.245,2,1,740
504732,2021-06-02,54.361,1,0,875
504733,2021-03-14,35.654,2,1,973
504734,2021-11-12,44.973,1,0,644
504735,2021-10-21,34.437,0,2,910
504736,2021-01-10,19.831,1,2,514
504737,2021-09-19,25.748,1,0,803
504738,2021-01-31,57.95,0,0,736
504739,2021-09-27,27.043,1,0,788
504740,2021-10-29,31.15,1,0,602
504741,2021-02-17,49.346,1,3,799
504742,2021-06-08,33.115,2,0,1066
504743,2021-02-15,48.19,0,0,605
504744,2021-07-27,33.358,1,0,814
504745,2021-12-05,22.459,1,1,914
504746,2021-01-30,62.969,1,2,687
504747,2021-05-26,22.954,1,0,1025
504748,2021-12-22,76.16,0,0,703
504749,2021-04-20,46.652,1,0,759
504750,2021-02-18,27.674,1,0,601
504751,2021-06-28,45.735,1,0,803
504752,2021-07-05,27.075,0,2,741
504753,2021-08-30,24.813,0,0,894
504754,2021-04-25,38.498,1,0,665
504755,2021-12-15,50.667,0,1,637
504756,2021-07-10,40.022,1,2,823
504757,2021-04-15,25.125,1,0,1031
504758,2021-12-17,22.943,1,0,893
504759,2021-12-04,31.687,0,2,1073
504760,2021-07-02,21.384,1,0,880
504761,2021-01-10,33.793,1,2,833
504762,2021-08-06,37.335,1,2,862
504763,2021-07-22,48.177,1,3,988
504764,2021-02-24,56.081,1,0,1003
504765,2021-08-20,54.46,2,0,585
504766,2021-11-03,37.783,2,3,864
504767,2021-02-08,29.211,1,0,828
504768,2021-09-22,40.516,1,0,745
504769,2021-02-21,43.193,2,1,441
504770,2021-10-01,41.515,1,0,503
504771,2021-06-02,84.321,1,1,694
504772,2021-01-03,43.497,1,3,456
504773,2021-12-19,67.83,0,1,698
504774,2021-03-02,26.162,1,0,909
504775,2021-08-06,21.905,1,3,615
504776,2021-03-08,25.198,0,1,775
504777,2021-12-07,40.269,0,0,587
504778,2021-09-27,31.802,0,1,814
504779,2021-10-21,39.995,1,0,871
504780,2021-06-07,73.628,1,0,524
504781,2021-06-20,35.317,1,1,625
504782,2021-08-20,51.675,1,0,552
504783,2021-10-14,37.315,1,0,872
504784,2021-11-06,58.101,1,1,790
504785,2021-01-07,48.023,1,0,771
504786,2021-08-31,35.246,2,0,757
504787,2021-02-09,62.943,1,0,838
504788,2021-04-16,46.985,2,1,822
504789,2021-10-30,50.078,2,3,631
504790,2021-04-02,36.78,2,0,666
504791,2021-10-18,46.262,1,2,729
504792,2021-06-18,31.599,1,0,746
504793,2021-03-26,22.146,1,0,1151
504794,2021-05-02,28.477,0,0,711
504795,2021-07-13,46.104,1,0,832
504796,2021-10-07,44.51,0,0,864
504797,2021-08-10,25.186,1,2,992
504798,2021-12-07,60.528,1,2,594
504799,2021-11-13,22.383,0,4,951
504800,2021-10-02,36.564,1,3,693
504801,2021-08-09,27.603,1,0,1230
504802,2021-04-16,38.211,1,0,845
504803,2021-05-31,19.93,1,0,559
504804,2021-02-13,16.532,2,0,745
504805,2021-05-17,26.079,0,2,981
504806,2021-12-05,45.136,0,0,795
504807,2021-06-05,35.435,0,0,769
504808,2021-02-11,19.595,1,0,909
504809,2021-08-26,52.479,1,3,658
504810,2021-12-18,38.661,1,0,742
504811,2021-11-13,50.113,0,1,590
504812,2021-04-11,30.059,2,0,1091
504813,2021-06-15,15.622,0,0,560
504814,2021-07-13,68.356,1,0,811
504815,2021-04-01,31.756,2,2,826
504816,2021-04-09,53.515,1,2,738
504817,2021-03-28,29.442,1,0,554
504818,2021-12-30,42.051,1,0,600
504819,2021-09-30,15.99,0,0,874
504820,2021-11-03,27.678,0,0,640
504821,2021-10-26,70.237,2,0,407
504822,2021-12-17,53.396,1,0,850
504823,2021-02-08,62.656,1,1,603
504824,2021-11-18,42.694,1,2,854
504825,2021-01-25,37.974,1,1,724
504826,2021-06-23,52.117,1,1,715
504827,2021-08-05,54.412,2,4,719
504828,2021-05-11,38.894,0,3,515
504829,2021-02-23,43.219,2,0,631
504830,2021-03-12,63.506,1,0,733
504831,2021-10-29,21.957,2,0,574
504832,2021-04-27,28.173,0,3,848
504833,2021-04-24,18.685,1,0,725
504834,2021-12-04,26.348,1,0,519
504835,2021-02-22,38.471,1,0,679
504836,2021-12-01,57.181,0,1,778
504837,2021-12-03,81.169,1,1,680
504838,2021-08-07,32.61,1,2,812
504839,2021-03-02,33.659,0,1,863
504840,2021-02-26,38.352,1,2,1172
504841,2021-04-14,39.027,1,0,987
504842,2021-07-30,77.184,0,2,445
504843,2021-02-26,35.836,1,1,695
504844,2021-06-16,21.391,2,0,732
504845,2021-02-12,48.989,1,4,814
504846,2021-07-17,42.075,1,3,552
504847,2021-01-08,37.878,1,2,644
504848,2021-09-16,30.101,0,3,496
504849,2021-01-21,91.544,1,0,672
504850,2021-03-13,31.92,1,0,678
504851,2021-03-05,17.541,2,0,724
504852,2021-10-31,25.92,1,3,506
504853,2021-01-20,27.511,0,2,917
504854,2021-06-06,19.8,1,4,795
504855,2021-08-04,32.451,2,2,479
504856,2021-07-08,75.996,2,1,765
504857,2021-09-06,19.758,1,0,498
504858,2021-10-21,19.324,1,0,1022
504859,2021-05-24,48.954,1,0,1071
504860,2021-10-30,31.337,2,2,730
504861,2021-04-27,29.477,1,0,627
504862,2021-12-26,55.196,1,3,600
504863,2021-07-04,33.18,2,1,678
504864,2021-09-26,17.302,1,0,761
504865,2021-11-16,49.115,1,3,967
504866,2021-10-17,34.738,1,1,932
504867,2021-11-07,33.911,1,1,935
504868,2021-07-15,14.558,1,0,811
504869,2021-01-16,22.312,1,0,572
504870,2021-06-29,32.961,2,0,641
504871,2021-03-08,21.678,1,0,791
504872,2021-11-21,52.727,1,2,524
504873,2021-03-28,31.333,1,3,775
504874,2021-03-25,35.095,1,3,865
504875,2021-04-02,51.552,2,0,878
504876,2021-08-23,26.92,1,4,801
504877,2021-07-28,42.882,1,0,444
504878,2021-12-13,35.012,1,0,1020
504879,2021-06-01,49.483,2,1,478
504880,2021-04-14,42.586,1,3,693
504881,2021-01-18,45.012,1,3,831
504882,2021-01-03,28.093,1,2,805
504883,2021-05-17,32.11,2,0,550
504884,2021-12-04,33.612,1,0,582
504885,2021-07-11,46.279,2,0,832
504886,2021-11-23,43.656,1,1,852
504887,2021-02-07,49.705,1,0,581
504888,2021-02-04,23.983,0,0,851
504889,2021-11-01,19.0,0,0,507
504890,2021-02-08,27.354,1,1,872
504891,2021-01-19,31.855,2,1,601
504892,2021-05-28,26.106,1,0,794
504893,2021-12-04,31.867,1,0,764
504894,2021-09-09,20.707,0,1,969
504895,2021-02-06,27.801,2,1,804
504896,2021-11-02,22.663,1,0,672
504897,2021-11-04,20.7,1,0,845
504898,2021-10-20,20.108,2,3,1106
504899,2021-11-26,22.734,0,2,873
504900,2021-03-29,44.14,1,0,769
504901,2021-12-24,32.381,2,1,610
504902,2021-04-28,38.657,0,1,649
504903,2021-10-20,31.917,1,0,902
504904,2021-07-31,50.987,2,0,621
504905,2021-10-12,42.543,0,3,720
504906,2021-08-18,44.438,1,0,1039
504907,2021-08-23,33.157,1,0,807
504908,2021-08-13,37.885,0,2,546
504909,2021-10-12,23.6,0,0,1172
504910,2021-09-27,26.025,2,1,1077
504911,2021-02-19,48.721,1,0,870
504912,2021-10-29,25.926,2,0,1010
504913,2021-07-15,31.199,2,0,732
504914,2021-04-28,43.492,0,4,840
504915,2021-07-07,39.681,1,1,684
504916,2021-12-19,35.393,1,2,496
504917,2021-11-10,32.245,1,0,1247
504918,2021-11-01,46.839,1,2,487
504919,2021-06-18,25.93,1,0,834
504920,2021-10-14,41.109,2,1,811
504921,2021-05-21,36.22,2,0,873
504922,2021-09-08,52.553,1,1,744
504923,2021-08-22,46.236,1,0,766
504924,2021-04-02,37.787,0,0,805
504925,2021-04-08,63.552,1,2,826
504926,2021-01-23,48.45,1,0,780
504927,2021-02-21,29.112,0,0,768
504928,2021-06-08,44.144,0,3,482
504929,2021-06-24,37.234,2,0,1142
504930,2021-03-02,64.901,1,1,856
504931,2021-06-02,21.136,1,2,778
504932,2021-08-09,57.683,0,1,648
504933,2021-03-26,17.35,1,0,599
504934,2021-05-04,43.473,1,1,915
504935,2021-05-15,42.488,2,0,751
504936,2021-07-04,31.923,1,0,892
504937,2021-05-14,45.846,0,2,497
504938,2021-09-26,18.89,1,3,998
504939,2021-04-30,24.442,1,0,942
504940,2021-06-08,25.381,1,0,765
504941,2021-05-19,26.493,2,1,844
504942,2021-03-08,55.655,1,0,913
504943,2021-09-08,59.47,1,2,499
504944,2021-03-27,38.035,2,0,1082
504945,2021-04-19,37.957,2,0,867
504946,2021-10-17,84.149,1,1,633
504947,2021-12-13,34.919,2,4,513
504948,2021-09-02,30.113,1,0,958
504949,2021-12-01,51.64,2,2,778
504950,2021-11-08,31.741,1,0,867
504951,2021-06-25,23.307,2,0,785
504952,2021-10-09,50.825,2,0,600
504953,2021-04-30,66.317,1,0,872
504954,2021-06-18,29.433,2,1,724
504955,2021-07-15,34.453,1,0,776
504956,2021-12-17,52.132,2,0,1208
504957,2021-11-06,28.045,1,0,936
504958,2021-06-28,52.258,2,2,907
504959,2021-08-27,66.215,1,3,1210
504960,2021-03-15,20.08,1,0,849
504961,2021-10-21,19.095,2,0,802
504962,2021-07-21,16.086,2,4,588
504963,2021-07-14,27.712,1,0,699
504964,2021-10-07,23.105,1,2,372
504965,2021-08-20,58.158,1,1,902
504966,2021-01-27,22.007,1,3,492
504967,2021-04-16,30.029,2,0,942
504968,2021-03-06,41.147,1,0,772
504969,2021-09-26,24.13,2,0,803
504970,2021-01-13,35.115,1,0,772
504971,2021-03-15,46.79,1,0,1029
504972,2021-08-07,141.022,2,4,928
504973,2021-09-11,39.413,1,0,775
504974,2021-07-03,17.178,1,0,618
504975,2021-11-11,47.738,1,0,946
504976,2021-12-02,41.379,1,0,605
504977,2021-02-18,43.82,1,0,500
504978,2021-12-14,31.802,1,0,870
504979,2021-08-13,50.926,2,2,959
504980,2021-08-21,30.78,1,2,667
504981,2021-02-04,41.36,1,0,853
504982,2021-08-15,37.58,2,2,665
504983,2021-09-22,41.174,2,0,910
504984,2021-07-31,30.203,1,0,977
504985,2021-01-31,53.303,2,3,673
504986,2021-07-10,63.084,1,3,535
504987,2021-12-08,83.523,1,0,518
504988,2021-09-22,40.319,1,0,947
504989,2021-02-20,36.849,1,0,575
504990,2021-12-17,39.873,1,0,847
504991,2021-12-16,29.921,1,1,900
504992,2021-03-03,52.165,1,0,690
504993,2021-10-20,28.641,1,3,690
504994,2021-05-29,48.056,2,1,940
504995,2021-08-05,19.82,1,0,635
504996,2021-06-12,45.665,0,2,576
504997,2021-10-13,60.576,1,1,718
504998,2021-12-30,26.214,1,0,1010
504999,2021-10-18,28.924,0,0,1070
505000,2021-12-06,28.833,1,2,722
505001,2021-12-12,31.055,1,3,592
505002,2021-02-02,75.093,2,0,972
505003,2021-04-03,38.184,1,1,460
505004,2021-09-21,22.61,1,2,785
505005,2021-08-04,24.66,1,4,702
505006,2021-01-19,13.477,1,0,1013
505007,2021-02-04,23.983,1,0,1031
505008,2021-07-09,19.285,1,3,550
505009,2021-08-13,20.694,0,0,810
505010,2021-03-03,33.1,1,0,677
505011,2021-03-04,21.222,1,1,707
505012,2021-02-17,33.141,1,0,891
505013,2021-07-26,49.756,1,1,700
505014,2021-01-03,41.87,1,0,815
505015,2021-07-28,38.336,0,2,912
505016,2021-06-23,11.677,0,0,1053
505017,2021-06-20,27.726,2,2,792
505018,2021-09-05,62.23,1,0,801
505019,2021-07-10,91.515,0,0,581
505020,2021-09-23,48.854,1,3,1005
505021,2021-10-06,35.219,2,2,829
505022,2021-12-02,24.062,1,0,805
505023,2021-10-19,58.362,1,0,795
505024,2021-07-08,31.64,2,1,825
505025,2021-06-29,29.736,0,4,849
505026,2021-03-28,58.694,1,0,941
505027,2021-08-07,8.48,1,3,1010
505028,2021-02-20,32.212,1,0,824
505029,2021-12-06,17.466,1,1,1076
505030,2021-11-05,46.235,2,0,970
505031,2021-02-13,72.485,1,0,769
505032,2021-10-14,42.396,1,3,420
505033,2021-02-12,84.938,1,0,795
505034,2021-09-21,37.294,0,3,1001
505035,2021-02-02,63.664,1,0,640
505036,2021-06-28,20.071,0,0,795
505037,2021-08-29,35.453,1,3,750
505038,2021-09-24,20.264,1,1,930
505039,2021-06-02,39.508,0,0,710
505040,2021-12-03,30.915,2,1,604
505041,2021-10-10,32.021,1,0,883
505042,2021-03-18,29.296,1,3,586
505043,2021-09-02,57.806,1,0,450
505044,2021-09-24,46.175,1,0,1111
505045,2021-05-02,38.09,0,0,947
505046,2021-09-27,34.169,2,1,1099
505047,2021-11-24,44.556,1,3,877
505048,2021-10-26,31.074,1,2,862
505049,2021-10-06,20.805,1,0,847
505050,2021-08-20,53.928,2,0,747
505051,2021-04-09,28.709,2,0,872
505052,2021-10-18,38.5,1,3,620
505053,2021-05-13,55.878,1,0,588
505054,2021-07-14,22.06,2,1,700
505055,2021-04-25,24.232,1,0,1012
505056,2021-04-25,18.383,1,4,488
505057,2021-02-27,29.918,1,0,561
505058,2021-12-17,67.75,1,0,886
505059,2021-02-23,34.581,1,3,645
505060,2021-02-01,60.92,1,3,807
505061,2021-12-08,39.274,1,1,938
505062,2021-07-22,26.544,0,2,823
505063,2021-06-09,26.271,1,1,646
505064,2021-09-27,73.474,1,0,1011
505065,2021-05-20,56.046,1,0,914
505066,2021-02-16,33.904,1,1,765
505067,2021-09-24,37.943,0,1,756
505068,2021-03-06,28.5,1,0,847
505069,2021-07-21,11.573,1,0,724
505070,2021-12-13,37.125,1,1,466
505071,2021-12-08,22.772,2,0,915
505072,2021-05-12,31.251,1,1,884
505073,2021-10-12,20.248,0,1,346
505074,2021-08-12,37.504,1,0,872
505075,2021-06-24,22.357,0,0,1096
505076,2021-02-21,36.093,2,0,577
505077,2021-05-18,58.867,1,0,767
505078,2021-08-26,41.098,2,1,727
505079,2021-12-27,18.95,2,1,1059
505080,2021-01-02,15.404,0,2,942
505081,2021-09-19,22.04,2,0,622
505082,2021-11-05,64.507,1,1,822
505083,2021-12-14,93.717,1,0,1194
505084,2021-06-04,26.106,2,2,628
505085,2021-02-13,22.081,1,0,778
505086,2021-04-09,66.634,1,1,852
505087,2021-11-07,28.785,1,0,670
505088,2021-11-17,36.561,1,0,1097
505089,2021-08-21,37.659,1,4,625
505090,2021-02-14,26.496,1,0,530
505091,2021-02-14,24.69,2,0,686
505092,2021-06-24,33.915,2,1,878
505093,2021-08-03,29.962,1,0,636
505094,2021-01-12,16.177,1,0,834
505095,2021-09-08,23.359,0,0,881
505096,2021-07-18,32.887,2,0,562
505097,2021-01-05,26.728,1,2,639
505098,2021-02-04,44.643,0,1,823
505099,2021-06-15,29.0,1,0,906
505100,2021-09-21,79.121,1,0,683
505101,2021-10-29,34.758,1,3,747
505102,2021-06-07,35.109,0,3,669
505103,2021-04-18,26.38,1,0,911
505104,2021-12-20,36.577,1,1,853
505105,2021-06-17,14.953,1,0,713
505106,2021-04-26,36.056,1,0,866
505107,2021-06-11,83.163,1,2,666
505108,2021-01-05,50.822,0,3,802
505109,2021-04-21,16.797,2,0,865
505110,2021-07-08,38.19,0,3,1147
505111,2021-12-02,44.939,1,1,699
505112,2021-09-27,69.967,0,2,715
505113,2021-10-13,24.055,0,2,623
505114,2021-07-18,97.881,1,0,594
505115,2021-02-10,35.714,0,3,638
505116,2021-05-23,22.898,1,0,900
505117,2021-12-30,16.798,1,0,913
505118,2021-01-17,33.177,2,0,833
505119,2021-11-17,37.641,1,2,687
505120,2021-09-07,20.933,0,0,691
505121,2021-04-14,47.738,1,0,615
505122,2021-10-11,43.466,0,2,640
505123,2021-11-02,35.136,1,0,547
505124,2021-01-16,23.782,1,0,1024
505125,2021-02-08,35.305,1,0,1111
505126,2021-08-31,79.8,2,1,412
505127,2021-12-31,23.083,1,0,832
505128,2021-01-09,15.871,2,0,829
505129,2021-08-31,30.495,2,0,818
505130,2021-02-19,23.579,1,3,613
505131,2021-08-26,14.895,1,2,924
505132,2021-08-16,39.94,0,0,854
505133,2021-02-03,18.751,1,3,906
505134,2021-09-06,18.623,1,2,607
505135,2021-11-24,59.422,1,1,511
505136,2021-11-12,66.025,1,0,858
505137,2021-01-11,115.479,2,0,607
505138,2021-03-31,17.713,0,1,950
505139,2021-03-29,41.772,2,0,397
505140,2021-06-15,18.625,1,0,696
505141,2021-02-22,36.145,1,0,669
505142,2021-11-08,33.598,1,0,720
505143,2021-10-11,13.616,1,1,807
505144,2021-10-23,49.97,1,0,851
505145,2021-03-14,35.676,2,1,875
505146,2021-01-06,46.376,1,2,876
505147,2021-11-29,19.85,1,0,749
505148,2021-04-16,105.145,1,0,1160
505149,2021-08-28,40.596,1,0,1030
505150,2021-11-28,49.925,1,0,724
505151,2021-01-14,63.846,1,2,715
505152,2021-01-02,35.479,2,1,700
505153,2021-01-02,26.041,2,2,805
505154,2021-02-27,57.158,1,4,535
505155,2021-01-19,31.067,1,0,638
505156,2021-10-27,52.382,2,1,370
505157,2021-08-10,39.842,1,0,708
505158,2021-12-24,92.981,1,0,972
505159,2021-10-20,34.131,0,0,753
505160,2021-12-18,30.656,2,0,763
505161,2021-03-29,40.755,0,1,810
505162,2021-04-16,33.025,2,1,580
505163,2021-11-07,22.343,1,0,785
505164,2021-03-31,63.718,2,0,940
505165,2021-01-21,19.972,1,1,815
505166,2021-09-02,56.363,1,1,936
505167,2021-10-20,72.896,1,1,988
505168,2021-12-20,34.496,2,0,899
505169,2021-12-05,40.393,1,0,652
505170,2021-02-13,23.385,1,2,678
505171,2021-10-09,59.264,1,1,1108
505172,2021-11-05,22.779,0,0,837
505173,2021-09-12,61.615,1,0,813
505174,2021-10-27,34.785,1,0,625
505175,2021-11-02,28.632,1,1,744
505176,2021-06-12,24.05,1,0,909
505177,2021-01-15,44.047,2,1,763
505178,2021-06-16,19.654,1,3,627
505179,2021-03-15,44.333,1,0,728
505180,2021-02-11,42.75,1,0,995
505181,2021-02-15,28.977,1,0,900
505182,2021-09-12,43.116,0,0,876
505183,2021-07-04,24.13,1,3,799
505184,2021-07-17,35.544,1,4,497
505185,2021-09-29,33.276,1,0,829
505186,2021-07-20,18.953,1,3,912
505187,2021-08-18,29.757,0,0,733
505188,2021-02-01,17.427,1,1,936
505189,2021-11-07,27.74,1,1,858
505190,2021-06-13,19.423,2,0,929
505191,2021-02-26,21.834,2,0,789
505192,2021-10-24,23.292,1,1,920
505193,2021-09-26,41.704,1,0,516
505194,2021-01-20,27.225,1,4,716
505195,2021-03-12,19.57,1,0,908
505196,2021-01-06,29.108,1,0,833
505197,2021-04-09,78.835,1,3,917
505198,2021-02-06,18.62,1,0,752
505199,2021-09-17,47.386,1,0,681
505200,2021-07-10,46.291,1,0,485
505201,2021-12-24,88.669,1,0,731
505202,2021-10-01,37.561,0,0,873
505203,2021-08-12,35.347,1,0,917
505204,2021-07-05,34.58,1,0,528
505205,2021-01-20,40.767,1,0,992
505206,2021-01-26,47.517,1,3,545
505207,2021-08-13,25.116,0,3,698
505208,2021-01-02,136.021,1,0,678
505209,2021-01-16,47.053,1,3,795
505210,2021-03-21,31.198,0,2,757
505211,2021-11-19,30.079,1,3,842
505212,2021-06-17,35.13,2,1,1092
505213,2021-09-16,34.295,1,0,852
505214,2021-05-31,53.609,1,0,676
505215,2021-03-05,38.51,1,3,803
505216,2021-05-16,79.024,1,0,1130
505217,2021-02-03,22.55,0,3,838
505218,2021-10-09,34.935,2,1,930
505219,2021-03-08,26.41,2,0,493
505220,2021-05-18,26.719,1,0,850
505221,2021-12-24,26.798,1,3,672
505222,2021-08-05,51.042,1,0,658
505223,2021-06-17,31.399,1,1,756
505224,2021-07-18,65.468,1,4,730
505225,2021-10-14,78.266,1,0,668
505226,2021-04-03,45.789,1,0,814
505227,2021-08-21,20.907,2,0,749
505228,2021-11-15,62.102,1,2,866
505229,2021-07-28,28.804,1,0,821
505230,2021-06-12,30.987,1,0,848
505231,2021-02-22,44.109,2,0,956
505232,2021-04-01,23.759,1,0,880
505233,2021-12-12,61.294,1,0,779
505234,2021-07-17,56.43,0,0,404
505235,2021-04-20,130.505,1,2,832
505236,2021-06-02,41.239,2,0,616
505237,2021-07-30,32.299,1,2,724
505238,2021-07-16,85.025,1,3,787
505239,2021-09-13,14.65,1,1,1000
505240,2021-04-04,40.741,1,1,1092
505241,2021-08-25,33.906,1,0,614
505242,2021-06-11,62.12,2,1,523
505243,2021-12-10,169.659,0,0,839
505244,2021-02-27,25.832,1,0,824
505245,2021-02-24,60.07,1,1,544
505246,2021-06-18,65.491,2,0,777
505247,2021-07-05,63.24,0,0,888
505248,2021-09-10,39.849,1,1,539
505249,2021-05-28,48.64,2,0,601
505250,2021-11-30,26.526,1,0,664
505251,2021-06-23,75.905,0,0,742
505252,2021-02-17,21.537,0,0,905
505253,2021-02-13,22.615,2,0,721
505254,2021-12-22,31.74,2,0,790
505255,2021-02-18,31.008,1,0,1184
505256,2021-12-12,43.412,2,1,588
505257,2021-04-12,31.275,0,4,592
505258,2021-02-04,24.145,0,1,882
505259,2021-04-22,21.772,1,0,958
505260,2021-08-13,60.934,2,1,835
505261,2021-06-06,43.053,0,3,1046
505262,2021-10-14,18.904,1,3,777
505263,2021-08-12,48.047,0,0,424
505264,2021-05-27,30.305,1,0,797
505265,2021-08-20,17.207,1,0,677
505266,2021-12-21,19.626,1,2,989
505267,2021-05-31,55.295,0,0,954
505268,2021-02-26,62.348,1,3,434
505269,2021-05-30,49.479,0,0,1023
505270,2021-11-03,25.672,2,1,929
505271,2021-03-21,44.12,1,0,722
505272,2021-12-13,43.673,1,0,766
505273,2021-08-03,11.361,1,0,1031
505274,2021-08-08,47.799,0,1,405
505275,2021-04-26,38.17,1,0,860
505276,2021-12-02,114.965,1,0,977
505277,2021-01-14,89.993,1,1,744
505278,2021-04-20,31.134,0,3,837
505279,2021-06-02,41.91,1,2,759
505280,2021-06-24,43.874,2,1,619
505281,2021-06-23,28.364,1,0,634
505282,2021-02-23,17.464,0,3,848
505283,2021-03-24,25.906,1,0,666
505284,2021-02-04,28.501,2,3,446
505285,2021-07-28,58.723,2,2,762
505286,2021-05-09,38.522,1,0,688
505287,2021-07-26,27.142,1,0,564
505288,2021-08-04,25.46,1,1,773
505289,2021-09-14,43.529,2,1,898
505290,2021-07-19,31.934,1,1,764
505291,2021-08-25,25.853,1,4,518
505292,2021-08-03,23.034,1,0,867
505293,2021-08-27,73.508,0,0,966
505294,2021-08-14,32.034,1,1,1158
505295,2021-04-26,57.449,1,0,1040
505296,2021-03-31,15.325,1,1,579
505297,2021-10-15,57.806,0,3,874
505298,2021-05-06,49.681,1,0,826
505299,2021-07-20,48.545,2,2,533
505300,2021-03-13,16.709,2,2,791
505301,2021-06-07,35.508,1,0,1125
505302,2021-07-13,23.734,1,2,955
505303,2021-08-17,20.86,1,2,558
505304,2021-07-12,15.017,2,0,782
505305,2021-05-12,21.558,1,0,869
505306,2021-12-18,20.86,1,0,469
505307,2021-07-07,50.841,2,1,455
505308,2021-10-23,26.635,1,0,808
505309,2021-09-26,38.077,0,0,810
505310,2021-07-23,58.29,1,3,389
505311,2021-11-20,40.797,2,1,830
505312,2021-02-16,25.867,1,1,956
505313,2021-12-03,38.332,1,3,681
505314,2021-11-07,29.295,1,0,791
505315,2021-07-03,15.088,1,0,883
505316,2021-09-25,43.506,1,1,839
505317,2021-07-09,46.844,0,0,480
505318,2021-04-09,32.074,2,0,617
505319,2021-10-19,36.9,1,2,669
505320,2021-03-31,32.58,2,0,625
505321,2021-04-25,80.599,0,0,1044
505322,2021-07-09,42.084,1,1,874
505323,2021-11-02,34.719,0,1,560
505324,2021-05-21,55.746,0,0,741
505325,2021-06-30,56.358,1,0,983
505326,2021-01-16,41.455,0,3,604
505327,2021-02-12,54.031,2,3,873
505328,2021-01-21,51.478,1,0,1029
505329,2021-01-27,35.787,2,0,999
505330,2021-11-14,61.983,0,1,792
505331,2021-11-04,21.837,2,0,1005
505332,2021-10-27,22.776,0,0,686
505333,2021-01-21,43.753,0,0,1227
505334,2021-01-29,24.501,2,0,823
505335,2021-04-13,50.658,1,0,986
505336,2021-07-26,45.324,2,0,715
505337,2021-05-02,89.691,2,2,830
505338,2021-06-27,22.438,0,0,878
505339,2021-03-05,53.234,2,0,613
505340,2021-09-24,28.848,1,0,607
505341,2021-04-25,39.897,1,3,683
505342,2021-01-25,48.574,2,0,979
505343,2021-09-29,41.825,1,0,450
505344,2021-11-26,52.693,2,1,695
505345,2021-01-06,43.152,2,1,996
505346,2021-06-09,30.801,1,2,518
505347,2021-10-29,51.487,1,0,1006
505348,2021-09-15,54.314,1,0,577
505349,2021-11-09,31.046,0,0,615
505350,2021-06-01,25.114,1,1,734
505351,2021-05-16,40.819,0,0,1117
505352,2021-09-16,43.386,1,0,665
505353,2021-02-26,17.532,0,0,468
505354,2021-03-29,37.664,0,3,468
505355,2021-08-08,25.139,2,0,948
505356,2021-09-01,16.402,2,0,536
505357,2021-02-13,48.173,1,3,934
505358,2021-07-05,20.73,2,1,773
505359,2021-05-14,63.795,1,1,754
505360,2021-07-03,61.829,1,1,814
505361,2021-12-16,46.106,1,0,636
505362,2021-01-28,66.094,0,2,765
505363,2021-12-30,55.65,1,0,565
505364,2021-06-14,22.716,1,3,963
505365,2021-10-09,53.96,1,0,595
505366,2021-06-04,27.028,1,1,839
505367,2021-04-24,54.528,1,0,594
505368,2021-10-09,28.977,1,0,684
505369,2021-09-08,19.845,2,0,713
505370,2021-02-22,41.56,1,2,1277
505371,2021-09-15,28.18,1,0,777
505372,2021-10-02,62.483,1,3,572
505373,2021-05-22,63.009,2,0,700
505374,2021-12-04,18.812,1,1,489
505375,2021-08-22,35.693,0,1,731
505376,2021-05-02,46.645,1,0,1113
505377,2021-01-04,37.769,1,1,820
505378,2021-09-04,38.124,0,1,923
505379,2021-03-18,40.313,1,1,596
505380,2021-10-04,17.363,1,1,723
505381,2021-07-11,84.783,1,1,797
505382,2021-06-20,48.541,1,0,649
505383,2021-03-01,26.121,2,0,852
505384,2021-09-17,24.986,1,0,891
505385,2021-03-02,52.725,1,1,858
505386,2021-06-02,35.435,0,3,693
505387,2021-11-02,48.762,1,0,976
505388,2021-12-02,46.262,1,0,734
505389,2021-12-28,36.837,1,0,717
505390,2021-12-16,18.629,1,1,1019
505391,2021-07-22,35.061,2,1,561
505392,2021-03-15,53.485,1,1,453
505393,2021-11-03,47.714,2,1,604
505394,2021-10-20,28.543,1,2,810
505395,2021-12-28,34.443,1,0,1011
505396,2021-08-26,70.92,1,0,661
505397,2021-02-21,76.444,1,0,1107
505398,2021-07-03,39.14,1,3,725
505399,2021-06-13,51.166,0,2,719
505400,2021-11-04,41.072,2,0,627
505401,2021-05-24,58.15,1,0,1131
505402,2021-04-30,34.846,2,0,753
505403,2021-01-30,24.598,1,3,480
505404,2021-11-01,80.47,2,0,1222
505405,2021-10-03,78.09,1,1,831
505406,2021-01-16,36.505,1,0,924
505407,2021-06-08,42.67,2,1,1063
505408,2021-06-25,44.056,2,1,871
505409,2021-06-21,36.926,1,0,955
505410,2021-12-02,35.822,0,2,750
505411,2021-02-24,59.359,1,0,912
505412,2021-04-22,21.212,1,2,734
505413,2021-03-08,27.396,1,0,776
505414,2021-03-31,51.639,1,1,782
505415,2021-11-28,39.213,1,0,709
505416,2021-12-10,72.906,0,1,851
505417,2021-01-17,36.789,1,0,870
505418,2021-08-19,51.091,1,1,907
505419,2021-03-26,32.489,1,0,895
505420,2021-03-12,75.041,2,0,1140
505421,2021-04-17,51.691,1,2,929
505422,2021-03-12,21.458,1,0,743
505423,2021-06-28,47.179,1,0,862
505424,2021-12-30,55.072,0,1,1014
505425,2021-08-03,35.119,1,0,609
505426,2021-09-21,57.575,0,2,1103
505427,2021-06-30,71.99,1,0,641
505428,2021-01-06,33.111,2,3,882
505429,2021-01-31,40.406,0,3,721
505430,2021-04-09,28.791,1,0,771
505431,2021-03-30,53.831,1,0,545
505432,2021-11-03,23.85,1,1,923
505433,2021-11-04,53.888,1,2,508
505434,2021-11-08,71.63,1,0,520
505435,2021-08-21,24.067,0,0,989
505436,2021-07-23,77.885,2,0,1102
505437,2021-08-25,34.87,0,2,620
505438,2021-05-29,27.618,1,1,941
505439,2021-09-02,38.919,2,0,923
505440,2021-10-17,44.76,1,0,764
505441,2021-10-06,29.725,0,2,980
505442,2021-08-13,55.761,2,3,691
505443,2021-01-22,32.036,0,0,873
505444,2021-09-22,41.812,1,0,554
505445,2021-05-14,94.062,0,0,562
505446,2021-09-29,34.226,1,1,970
505447,2021-07-16,29.121,1,0,879
505448,2021-11-18,30.549,2,0,754
505449,2021-05-04,58.652,1,2,1083
505450,2021-12-06,34.697,2,0,1122
505451,2021-11-05,40.28,1,0,859
505452,2021-05-01,31.059,1,0,518
505453,2021-06-26,31.593,1,0,760
505454,2021-07-13,55.683,1,0,630
505455,2021-10-08,20.298,2,0,796
505456,2021-09-09,18.964,1,0,611
505457,2021-11-07,28.737,1,0,565
505458,2021-05-16,29.142,2,3,313
505459,2021-07-04,31.813,1,3,750
505460,2021-06-07,32.229,1,0,366
505461,2021-11-28,36.819,1,1,702
505462,2021-04-22,28.317,1,0,905
505463,2021-08-03,66.8,0,2,610
505464,2021-02-13,54.342,0,3,525
505465,2021-11-07,41.521,0,1,748
505466,2021-05-21,56.765,1,1,611
505467,2021-05-05,11.192,2,0,813
505468,2021-08-01,41.736,1,0,594
505469,2021-07-02,52.77,1,0,761
505470,2021-11-06,31.477,2,0,718
505471,2021-07-13,46.456,1,1,758
505472,2021-07-08,26.97,1,0,1074
505473,2021-02-08,39.608,1,0,816
505474,2021-01-09,20.92,2,1,851
505475,2021-05-26,52.739,0,2,628
505476,2021-12-31,36.619,2,1,800
505477,2021-12-01,39.797,1,0,731
505478,2021-08-18,40.44,1,2,745
505479,2021-08-19,57.57,0,0,897
505480,2021-05-23,38.909,1,1,670
505481,2021-03-06,54.795,1,0,708
505482,2021-01-04,28.07,2,0,692
505483,2021-05-04,45.79,1,4,619
505484,2021-04-26,69.122,2,0,811
505485,2021-03-11,74.183,1,0,714
505486,2021-04-05,10.762,2,0,1050
505487,2021-01-10,38.555,0,4,1192
505488,2021-08-10,18.067,2,2,638
505489,2021-12-05,35.34,2,0,833
505490,2021-09-10,33.112,1,1,947
505491,2021-06-13,46.991,1,0,732
505492,2021-06-03,35.345,2,1,581
505493,2021-04-23,25.66,0,0,1093
505494,2021-02-21,45.452,1,0,904
505495,2021-08-07,22.888,2,1,817
505496,2021-07-26,24.518,1,3,981
505497,2021-01-03,32.279,0,0,919
505498,2021-06-01,33.668,1,0,771
505499,2021-04-12,37.58,1,3,544
505500,2021-03-04,38.76,2,0,691
505501,2021-09-14,32.165,1,0,997
505502,2021-07-11,40.991,2,0,903
505503,2021-08-20,35.195,1,0,746
505504,2021-09-18,35.805,1,0,1098
505505,2021-12-25,19.76,1,0,752
505506,2021-10-21,44.931,0,0,958
505507,2021-08-15,47.579,0,0,820
505508,2021-11-17,52.335,1,2,1088
505509,2021-06-24,35.915,2,0,916
505510,2021-12-26,58.211,1,1,768
505511,2021-10-05,43.852,1,0,748
505512,2021-08-26,27.805,1,0,777
505513,2021-11-26,35.299,1,0,649
505514,2021-07-08,27.232,2,0,534
505515,2021-09-21,23.022,1,1,816
505516,2021-04-14,48.234,1,0,684
505517,2021-12-18,32.205,1,1,663
505518,2021-08-16,46.582,1,3,704
505519,2021-10-13,81.415,1,0,789
505520,2021-06-18,62.855,0,3,721
505521,2021-11-13,21.666,0,0,1093
505522,2021-01-28,28.102,1,0,899
505523,2021-02-11,45.482,2,0,1159
505524,2021-07-05,42.856,1,2,661
505525,2021-09-25,65.138,0,1,901
505526,2021-10-23,29.833,1,4,641
505527,2021-06-10,22.373,1,1,659
505528,2021-08-26,23.161,2,0,1166
505529,2021-07-21,58.247,1,3,582
505530,2021-12-17,43.944,1,3,318
505531,2021-08-27,56.235,1,2,613
505532,2021-06-02,29.285,1,1,399
505533,2021-12-20,24.81,0,2,569
505534,2021-02-09,53.96,1,0,625
505535,2021-12-26,18.774,1,3,726
505536,2021-02-26,45.159,0,4,341
505537,2021-04-16,74.485,1,1,975
505538,2021-10-27,13.107,2,0,442
505539,2021-09-25,23.057,0,0,757
505540,2021-12-21,33.774,1,3,662
505541,2021-10-01,27.649,1,3,869
505542,2021-08-21,32.19,0,1,823
505543,2021-05-07,95.022,2,3,934
505544,2021-01-02,26.205,1,0,715
505545,2021-02-15,31.92,0,3,636
505546,2021-04-19,22.529,1,0,854
505547,2021-01-15,18.663,0,0,965
505548,2021-07-05,50.43,0,0,929
505549,2021-10-11,17.425,1,0,838
505550,2021-12-18,22.035,0,0,822
505551,2021-06-28,35.011,2,2,733
505552,2021-11-16,46.963,2,0,854
505553,2021-12-26,29.261,2,1,1126
505554,2021-11-10,25.848,1,0,736
505555,2021-06-19,15.621,1,2,674
505556,2021-04-29,51.56,1,0,701
505557,2021-12-23,35.15,1,1,830
505558,2021-03-30,36.939,2,1,378
505559,2021-05-31,19.398,1,0,756
505560,2021-01-28,54.36,0,0,939
505561,2021-10-17,27.943,1,0,685
505562,2021-08-26,49.617,0,0,814
505563,2021-01-31,26.054,2,0,1160
505564,2021-03-23,38.508,0,0,840
505565,2021-07-22,25.419,1,1,357
505566,2021-07-17,53.957,2,0,526
505567,2021-10-20,20.918,1,0,735
505568,2021-04-08,41.284,1,0,635
505569,2021-12-04,20.206,2,0,799
505570,2021-06-12,29.74,2,0,727
505571,2021-10-28,45.22,0,1,970
505572,2021-03-29,24.02,0,1,564
505573,2021-01-14,43.221,1,0,743
505574,2021-01-21,55.183,0,0,819
505575,2021-05-17,13.87,0,0,841
505576,2021-12-14,44.221,1,1,786
505577,2021-01-18,58.085,0,0,346
505578,2021-05-15,24.494,0,2,755
505579,2021-02-09,28.667,2,1,733
505580,2021-12-07,17.175,1,1,916
505581,2021-09-04,23.388,1,0,910
505582,2021-10-06,53.699,0,3,763
505583,2021-09-18,29.005,1,0,836
505584,2021-08-28,43.829,1,0,1023
505585,2021-10-10,24.351,1,3,927
505586,2021-01-03,33.944,1,1,810
505587,2021-11-12,61.314,1,0,1166
505588,2021-09-28,76.117,1,0,667
505589,2021-09-27,37.493,1,0,567
505590,2021-05-24,35.368,1,2,738
505591,2021-10-20,24.035,0,0,713
505592,2021-05-20,50.214,1,0,336
505593,2021-01-18,33.164,1,0,663
505594,2021-11-28,62.691,1,4,772
505595,2021-03-27,20.315,2,1,750
505596,2021-02-07,28.818,0,0,640
505597,2021-08-15,32.728,1,3,728
505598,2021-03-27,44.066,1,0,802
505599,2021-11-10,19.171,0,2,869
505600,2021-06-11,33.58,0,1,645
505601,2021-01-02,55.1,1,0,937
505602,2021-12-14,39.519,1,2,544
505603,2021-07-07,39.466,2,3,629
505604,2021-04-06,24.275,1,0,1086
505605,2021-09-05,36.987,2,0,596
505606,2021-07-13,22.278,0,2,621
505607,2021-01-11,55.209,1,0,554
505608,2021-10-05,49.626,1,0,631
505609,2021-05-27,37.076,1,0,805
505610,2021-09-13,42.466,1,2,867
505611,2021-11-23,63.175,1,1,757
505612,2021-08-11,97.01,1,3,662
505613,2021-09-03,36.317,1,0,556
505614,2021-04-03,43.067,0,4,579
505615,2021-03-28,40.85,1,0,502
505616,2021-06-01,80.638,1,1,893
505617,2021-11-08,56.951,1,1,905
505618,2021-07-11,41.89,2,0,773
505619,2021-05-08,52.067,1,1,839
505620,2021-10-12,42.233,1,0,938
505621,2021-11-08,18.678,1,0,798
505622,2021-11-26,66.744,1,1,1011
505623,2021-04-20,25.201,1,0,596
505624,2021-09-17,39.669,1,1,697
505625,2021-08-04,28.317,2,0,696
505626,2021-06-13,31.104,1,0,897
505627,2021-05-25,39.767,1,1,502
505628,2021-02-11,61.283,1,0,1041
505629,2021-04-11,32.714,1,3,821
505630,2021-07-20,64.236,1,4,1025
505631,2021-11-20,17.026,1,0,773
505632,2021-11-13,23.307,1,0,681
505633,2021-03-10,26.675,1,0,898
505634,2021-09-05,49.848,1,2,926
505635,2021-01-31,21.873,2,0,651
505636,2021-09-04,19.952,2,3,360
505637,2021-05-05,93.763,0,4,381
505638,2021-06-14,33.961,1,0,827
505639,2021-09-19,71.82,1,1,1037
505640,2021-06-05,55.681,1,0,546
505641,2021-10-22,50.312,2,0,731
505642,2021-07-14,73.921,2,0,717
505643,2021-12-31,31.627,1,1,1106
505644,2021-08-21,24.787,2,0,1187
505645,2021-04-19,44.146,1,3,796
505646,2021-10-10,29.872,1,0,942
505647,2021-05-29,46.793,0,1,917
505648,2021-07-14,52.483,0,3,490
505649,2021-02-19,25.589,0,1,886
505650,2021-02-13,26.823,2,0,596
505651,2021-07-29,33.626,2,0,749
505652,2021-03-10,58.881,1,0,985
505653,2021-12-31,24.579,1,0,795
505654,2021-11-09,77.497,1,3,918
505655,2021-09-13,16.697,1,0,1014
505656,2021-09-26,72.519,2,0,464
505657,2021-08-06,39.356,0,2,348
505658,2021-01-23,42.29,0,0,989
505659,2021-05-24,43.988,1,3,936
505660,2021-06-30,12.347,2,0,826
505661,2021-12-01,30.812,1,0,851
505662,2021-03-22,34.419,1,1,921
505663,2021-07-01,71.409,0,0,937
505664,2021-05-06,32.715,1,3,665
505665,2021-02-19,68.02,1,0,952
505666,2021-02-07,75.47,0,0,718
505667,2021-05-14,45.588,2,0,824
505668,2021-01-31,38.192,2,0,816
505669,2021-01-25,22.547,1,1,605
505670,2021-05-09,55.012,1,0,646
505671,2021-03-15,31.151,1,1,1162
505672,2021-07-22,64.059,1,3,559
505673,2021-01-07,18.814,2,0,847
505674,2021-04-21,31.575,1,1,864
505675,2021-06-15,49.495,2,0,770
505676,2021-12-18,75.172,1,2,861
505677,2021-08-20,48.992,0,0,839
505678,2021-11-18,64.187,2,1,603
505679,2021-05-06,36.569,1,0,877
505680,2021-06-14,78.79,0,0,682
505681,2021-06-03,39.751,1,0,1093
505682,2021-11-20,44.994,1,0,857
505683,2021-12-17,39.263,1,3,594
505684,2021-12-18,31.832,0,0,842
505685,2021-10-02,43.484,2,4,544
505686,2021-07-03,40.215,2,0,826
505687,2021-07-17,45.382,2,0,739
505688,2021-12-24,13.491,1,0,631
505689,2021-04-14,24.296,0,0,629
505690,2021-05-07,27.854,1,2,1178
505691,2021-11-24,18.895,2,0,796
505692,2021-05-22,21.727,2,3,642
505693,2021-03-27,49.321,1,0,671
505694,2021-07-24,41.35,1,0,865
505695,2021-04-29,55.665,1,0,665
505696,2021-11-22,53.865,1,1,563
505697,2021-11-28,55.932,2,0,774
505698,2021-04-22,35.42,2,3,713
505699,2021-07-13,62.441,1,0,705
505700,2021-12-26,32.623,1,0,620
505701,2021-09-28,73.126,2,2,670
505702,2021-03-20,54.406,1,1,675
505703,2021-08-04,47.034,1,2,630
505704,2021-08-15,36.538,0,0,830
505705,2021-08-27,26.872,1,1,1161
505706,2021-01-10,35.742,1,0,1020
505707,2021-04-20,18.145,0,4,1060
505708,2021-11-08,68.149,2,0,678
505709,2021-03-30,28.2,1,2,1041
505710,2021-04-20,28.104,2,0,821
505711,2021-04-28,17.714,1,2,918
505712,2021-03-06,22.432,2,2,822
505713,2021-02-26,134.871,1,3,658
505714,2021-05-07,27.464,1,0,910
505715,2021-11-16,56.34,1,0,867
505716,2021-01-01,20.054,1,2,422
505717,2021-04-14,19.673,1,1,738
505718,2021-01-23,35.546,0,1,917
505719,2021-07-24,36.177,0,0,830
505720,2021-04-02,27.603,1,0,865
505721,2021-10-17,33.299,0,0,645
505722,2021-08-02,28.63,1,1,806
505723,2021-10-14,73.604,1,0,763
505724,2021-08-20,89.441,1,0,743
505725,2021-06-10,55.108,1,2,618
505726,2021-11-11,18.996,1,0,945
505727,2021-06-23,42.892,1,3,782
505728,2021-12-13,27.841,1,0,824
505729,2021-12-30,27.023,1,0,1149
505730,2021-08-03,48.311,1,0,865
505731,2021-09-04,44.116,1,0,996
505732,2021-04-04,38.817,1,1,809
505733,2021-10-25,36.905,1,0,716
505734,2021-09-03,27.895,1,0,589
505735,2021-11-26,22.191,1,0,823
505736,2021-04-08,31.487,1,1,281
505737,2021-10-15,31.466,1,2,789
505738,2021-06-21,42.209,2,0,837
505739,2021-03-09,52.208,0,0,741
505740,2021-03-04,33.312,2,0,763
505741,2021-07-25,41.465,1,1,535
505742,2021-04-27,52.95,0,0,1029
505743,2021-02-07,31.271,1,0,719
505744,2021-06-05,42.914,1,2,565
505745,2021-08-27,38.596,2,0,878
505746,2021-04-27,30.924,1,1,780
505747,2021-12-15,19.764,1,0,715
505748,2021-10-12,26.578,0,3,636
505749,2021-07-07,53.091,1,0,779
505750,2021-12-08,16.916,1,0,1022
505751,2021-06-08,91.571,0,0,865
505752,2021-02-20,25.813,1,0,774
505753,2021-01-14,16.105,2,1,913
505754,2021-12-09,27.432,1,0,785
505755,2021-12-17,12.694,1,0,852
505756,2021-09-27,17.062,1,1,787
505757,2021-02-07,37.699,2,0,886
505758,2021-04-18,17.648,1,1,680
505759,2021-01-15,18.055,1,1,555
505760,2021-01-19,43.248,1,0,943
505761,2021-03-31,36.893,1,1,1031
505762,2021-07-28,42.47,1,3,523
505763,2021-01-24,36.142,1,2,772
505764,2021-12-26,32.4,1,0,699
505765,2021-06-16,45.227,0,0,939
505766,2021-04-07,48.507,1,3,764
505767,2021-07-08,36.716,1,1,1359
505768,2021-10-16,41.756,0,0,726
505769,2021-04-25,10.244,1,0,1057
505770,2021-01-18,29.282,0,1,1054
505771,2021-01-19,65.466,1,2,836
505772,2021-11-07,26.346,1,3,727
505773,2021-02-10,43.815,1,3,737
505774,2021-08-20,38.837,1,0,782
505775,2021-05-21,27.673,0,1,964
505776,2021-10-11,42.858,1,0,623
505777,2021-01-23,28.467,1,0,751
505778,2021-11-24,32.993,0,0,729
505779,2021-09-12,27.056,1,3,409
505780,2021-06-13,22.99,1,0,935
505781,2021-03-17,22.263,1,0,971
505782,2021-12-23,28.064,1,0,666
505783,2021-04-21,36.02,0,0,965
505784,2021-06-29,34.475,1,0,495
505785,2021-05-24,28.618,2,0,784
505786,2021-03-26,110.77,1,0,757
505787,2021-06-02,56.961,2,0,796
505788,2021-02-25,16.302,1,2,755
505789,2021-01-01,39.954,2,1,746
505790,2021-04-16,44.576,1,2,670
505791,2021-02-10,169.736,1,0,760
505792,2021-06-01,39.71,1,0,1025
505793,2021-11-11,85.789,2,0,676
505794,2021-03-01,31.788,1,3,1126
505795,2021-01-01,24.67,2,0,666
505796,2021-02-10,24.925,1,0,823
505797,2021-07-05,62.281,1,3,823
505798,2021-04-11,22.705,1,3,667
505799,2021-06-28,26.934,1,0,1029
505800,2021-01-11,44.526,2,2,838
505801,2021-05-02,31.124,1,0,743
505802,2021-05-30,37.47,0,0,1027
505803,2021-06-07,18.885,1,0,597
505804,2021-07-21,11.614,1,3,618
505805,2021-10-12,62.401,0,0,881
505806,2021-06-20,57.775,1,2,884
505807,2021-11-04,37.082,2,0,838
505808,2021-07-13,38.552,1,1,737
505809,2021-04-06,23.388,2,1,715
505810,2021-03-25,36.545,0,2,944
505811,2021-04-28,101.017,1,3,763
505812,2021-08-07,76.844,2,2,583
505813,2021-03-30,41.736,1,1,593
505814,2021-11-30,14.869,2,0,1052
505815,2021-06-25,44.29,1,4,581
505816,2021-11-12,36.237,1,0,829
505817,2021-09-07,29.062,2,0,1023
505818,2021-05-02,40.782,1,0,878
505819,2021-03-25,79.198,0,0,644
505820,2021-09-29,41.51,1,1,577
505821,2021-05-01,64.872,2,0,1117
505822,2021-04-01,42.441,1,0,593
505823,2021-12-06,41.808,1,3,620
505824,2021-06-26,45.883,0,3,787
505825,2021-01-18,33.558,2,0,741
505826,2021-06-30,18.468,1,3,823
505827,2021-06-18,71.894,0,0,516
505828,2021-11-12,17.662,1,0,742
505829,2021-09-17,39.897,1,3,842
505830,2021-03-11,80.928,1,1,883
505831,2021-02-24,41.347,1,2,637
505832,2021-08-09,52.646,1,0,596
505833,2021-01-18,47.356,2,0,818
505834,2021-04-27,59.268,1,0,544
505835,2021-02-20,59.547,2,3,951
505836,2021-01-08,21.075,1,0,808
505837,2021-12-02,75.02,1,0,655
505838,2021-02-02,38.937,1,0,590
505839,2021-01-04,25.417,1,1,646
505840,2021-12-07,21.59,1,0,499
505841,2021-03-10,45.289,0,2,829
505842,2021-10-26,27.237,2,0,635
505843,2021-01-12,36.239,1,0,852
505844,2021-02-26,34.977,1,0,877
505845,2021-02-10,41.136,2,0,954
505846,2021-09-15,60.165,1,1,805
505847,2021-08-15,58.298,2,2,943
505848,2021-06-23,69.477,2,0,1029
505849,2021-03-30,71.408,1,0,826
505850,2021-02-02,30.305,1,0,837
505851,2021-07-27,28.372,1,3,620
505852,2021-03-26,38.768,2,3,542
505853,2021-08-04,30.743,2,2,971
505854,2021-09-08,19.391,0,0,889
505855,2021-11-07,31.18,1,0,904
505856,2021-06-30,47.69,2,4,604
505857,2021-01-02,60.346,1,0,1072
505858,2021-04-13,35.248,1,1,719
505859,2021-11-08,55.225,1,3,576
505860,2021-07-14,34.402,1,2,637
505861,2021-08-14,12.221,1,1,1043
505862,2021-06-17,18.98,1,0,580
505863,2021-03-01,40.783,1,3,585
505864,2021-11-24,15.495,2,0,1302
505865,2021-10-10,19.176,0,3,889
505866,2021-12-30,16.742,1,0,648
505867,2021-11-09,31.204,0,2,545
505868,2021-04-17,37.769,1,3,419
505869,2021-04-03,16.539,2,1,777
505870,2021-04-01,50.627,1,0,911
505871,2021-12-02,35.245,1,0,1053
505872,2021-07-23,18.912,2,2,399
505873,2021-06-15,36.311,1,1,521
505874,2021-12-20,24.888,1,0,758
505875,2021-08-09,23.987,1,3,1222
505876,2021-11-28,22.735,0,3,879
505877,2021-12-26,33.655,1,3,787
505878,2021-01-29,31.863,1,1,540
505879,2021-05-12,32.036,1,4,328
505880,2021-09-25,30.44,0,3,727
505881,2021-10-24,38.285,1,0,762
505882,2021-02-24,35.417,1,4,662
505883,2021-04-27,14.73,2,0,712
505884,2021-07-20,33.193,1,3,585
505885,2021-10-19,22.169,0,2,564
505886,2021-02-11,56.171,2,1,1010
505887,2021-08-08,43.65,1,0,620
505888,2021-04-19,53.675,2,0,730
505889,2021-03-20,27.34,0,0,773
505890,2021-07-08,54.871,2,1,887
505891,2021-06-01,20.703,2,2,587
505892,2021-08-21,34.01,1,0,956
505893,2021-04-26,23.214,0,0,676
505894,2021-10-28,56.701,1,1,731
505895,2021-01-29,75.882,1,0,1076
505896,2021-11-11,42.169,2,0,606
505897,2021-01-11,18.383,0,0,910
505898,2021-09-26,26.315,0,1,941
505899,2021-05-07,141.348,1,1,816
505900,2021-05-20,51.067,1,2,719
505901,2021-01-07,27.707,0,0,1163
505902,2021-09-14,62.089,1,0,778
505903,2021-03-02,36.25,1,2,777
505904,2021-08-29,107.635,1,4,649
505905,2021-09-22,36.12,1,0,807
505906,2021-11-05,30.571,1,2,914
505907,2021-09-16,33.201,1,2,690
505908,2021-04-21,29.357,1,3,340
505909,2021-09-27,25.364,0,0,872
505910,2021-10-29,20.042,0,0,586
505911,2021-04-26,28.205,0,0,914
505912,2021-02-15,48.481,2,2,740
505913,2021-11-21,30.557,1,2,910
505914,2021-02-23,27.81,1,0,609
505915,2021-08-05,19.273,1,0,684
505916,2021-03-28,48.055,1,0,719
505917,2021-02-15,73.651,1,1,493
505918,2021-10-11,22.024,1,3,920
505919,2021-02-22,24.959,0,0,487
505920,2021-09-02,23.584,2,1,958
505921,2021-09-10,52.105,2,0,856
505922,2021-01-22,54.255,1,3,684
505923,2021-03-05,34.91,0,2,802
505924,2021-10-17,19.476,1,0,837
505925,2021-07-05,43.828,1,1,688
505926,2021-02-14,45.466,2,2,794
505927,2021-12-28,40.633,2,3,852
505928,2021-04-07,22.312,1,1,590
505929,2021-01-02,21.22,2,0,842
505930,2021-12-04,17.711,2,1,287
505931,2021-01-07,59.968,2,1,413
505932,2021-07-21,59.643,0,0,882
505933,2021-12-29,16.895,2,4,635
505934,2021-07-30,24.442,1,0,626
505935,2021-08-02,23.762,2,3,710
505936,2021-05-22,54.274,1,0,709
505937,2021-02-16,36.391,2,0,602
505938,2021-07-29,76.605,1,0,485
505939,2021-11-24,32.253,1,1,406
505940,2021-02-03,18.769,0,2,873
505941,2021-11-18,25.128,1,0,704
505942,2021-06-01,23.237,1,0,955
505943,2021-07-15,54.497,1,3,642
505944,2021-03-02,84.804,0,1,824
505945,2021-08-15,43.641,1,0,757
505946,2021-03-08,24.809,1,3,728
505947,2021-04-10,39.284,2,0,797
505948,2021-09-21,15.954,1,0,700
505949,2021-01-19,32.939,2,0,559
505950,2021-06-13,16.81,2,1,898
505951,2021-08-06,43.457,1,0,1067
505952,2021-02-18,29.924,1,3,1019
505953,2021-04-18,50.614,2,0,680
505954,2021-05-06,48.872,1,4,578
505955,2021-08-31,28.081,2,0,680
505956,2021-12-23,55.258,2,0,748
505957,2021-11-02,21.161,0,0,771
505958,2021-03-11,114.577,1,0,600
505959,2021-01-07,19.148,2,0,514
505960,2021-01-19,47.969,1,2,749
505961,2021-08-06,61.825,0,2,180
505962,2021-02-27,36.778,1,1,742
505963,2021-03-26,20.888,1,0,610
505964,2021-11-06,22.999,1,2,880
505965,2021-11-15,22.095,2,0,969
505966,2021-11-03,35.619,0,1,953
505967,2021-04-03,48.437,1,1,698
505968,2021-08-15,43.511,0,0,576
505969,2021-08-11,34.091,1,0,633
505970,2021-03-09,18.109,0,3,772
505971,2021-07-22,77.511,1,0,484
505972,2021-07-11,32.995,2,1,1011
505973,2021-05-25,28.612,0,3,660
505974,2021-10-02,38.828,1,0,870
505975,2021-09-05,15.766,2,0,459
505976,2021-07-14,32.393,2,0,613
505977,2021-09-22,35.261,1,2,397
505978,2021-10-06,33.376,1,0,964
505979,2021-07-26,62.433,1,0,751
505980,2021-04-08,19.941,1,0,883
505981,2021-10-04,34.396,1,4,721
505982,2021-09-19,25.728,1,3,804
505983,2021-12-25,32.396,0,1,699
505984,2021-02-24,49.363,2,3,683
505985,2021-06-03,34.703,1,1,743
505986,2021-12-04,28.504,1,3,793
505987,2021-07-07,12.16,1,0,858
505988,2021-12-11,58.26,1,0,1286
505989,2021-01-05,15.536,2,3,1023
505990,2021-01-13,28.318,0,0,460
505991,2021-10-18,23.806,1,0,754
505992,2021-05-11,12.255,1,2,667
505993,2021-07-09,36.104,2,1,990
505994,2021-06-06,34.388,0,0,723
505995,2021-05-29,49.916,2,0,864
505996,2021-12-09,53.171,0,0,359
505997,2021-02-04,46.162,2,0,508
505998,2021-10-09,43.97,0,0,1157
505999,2021-11-21,43.694,0,0,789
506000,2021-08-28,52.709,2,2,560
506001,2021-05-25,42.366,2,0,824
506002,2021-02-28,45.075,1,0,590
506003,2021-09-07,31.456,1,1,709
506004,2021-06-21,39.305,1,0,519
506005,2021-02-24,42.013,2,0,638
506006,2021-05-12,41.466,2,0,705
506007,2021-12-17,38.289,2,1,962
506008,2021-04-07,90.44,2,0,864
506009,2021-03-07,71.808,1,0,895
506010,2021-09-06,28.93,1,1,755
506011,2021-03-14,34.169,2,2,888
506012,2021-12-02,73.701,1,1,603
506013,2021-11-10,22.61,2,3,588
506014,2021-12-25,20.466,1,1,833
506015,2021-11-30,132.533,1,0,730
506016,2021-03-30,28.118,1,0,778
506017,2021-03-19,14.102,1,0,750
506018,2021-05-06,28.419,1,0,1006
506019,2021-06-21,28.856,2,0,1015
506020,2021-11-18,51.878,1,0,667
506021,2021-09-25,43.045,1,1,443
506022,2021-08-24,21.844,1,1,632
506023,2021-11-17,9.31,1,0,619
506024,2021-08-24,49.467,1,0,930
506025,2021-05-19,35.945,1,0,946
506026,2021-05-31,60.186,1,0,594
506027,2021-07-08,26.262,0,0,644
506028,2021-02-02,30.939,0,0,514
506029,2021-09-28,27.398,2,0,804
506030,2021-08-27,27.299,1,4,702
506031,2021-09-24,41.496,2,0,922
506032,2021-07-14,28.987,0,1,849
506033,2021-10-13,15.542,2,0,890
506034,2021-12-13,72.287,1,0,502
506035,2021-07-28,38.542,1,0,667
506036,2021-06-12,45.534,1,3,891
506037,2021-02-08,64.846,1,0,683
506038,2021-10-12,32.585,1,0,487
506039,2021-11-26,38.156,2,4,855
506040,2021-09-13,20.9,1,0,676
506041,2021-11-12,51.353,0,0,971
506042,2021-11-11,17.702,1,1,757
506043,2021-10-19,43.881,1,0,730
506044,2021-07-03,42.83,1,3,965
506045,2021-02-06,19.293,1,0,546
506046,2021-01-02,59.612,1,2,998
506047,2021-03-16,14.744,0,0,665
506048,2021-06-07,22.439,1,2,769
506049,2021-09-29,32.085,0,2,771
506050,2021-06-16,47.273,1,2,663
506051,2021-01-09,18.533,1,2,603
506052,2021-03-18,50.922,2,1,693
506053,2021-12-24,50.566,0,0,597
506054,2021-12-27,30.176,1,0,1133
506055,2021-05-18,37.12,1,0,693
506056,2021-10-21,56.234,1,0,989
506057,2021-09-20,66.078,0,0,965
506058,2021-12-06,29.15,1,1,825
506059,2021-11-20,25.275,1,1,736
506060,2021-08-18,32.574,2,4,745
506061,2021-05-25,25.365,1,0,883
506062,2021-08-17,62.036,1,2,758
506063,2021-04-27,44.483,1,1,478
506064,2021-05-08,34.935,1,4,383
506065,2021-08-11,58.432,1,2,1012
506066,2021-07-28,49.567,2,0,306
506067,2021-08-01,54.262,2,0,815
506068,2021-05-21,43.582,0,3,678
506069,2021-05-30,67.496,2,1,789
506070,2021-01-04,17.586,1,2,535
506071,2021-08-08,43.389,1,2,803
506072,2021-07-30,72.401,0,1,797
506073,2021-12-08,29.736,1,2,1237
506074,2021-07-04,26.247,1,3,743
506075,2021-06-20,28.755,2,3,963
506076,2021-01-25,35.032,1,0,510
506077,2021-03-13,56.924,1,0,964
506078,2021-05-04,36.145,1,0,821
506079,2021-05-18,60.01,2,0,829
506080,2021-05-13,49.875,2,2,791
506081,2021-05-24,52.288,1,2,1047
506082,2021-10-08,36.849,1,0,826
506083,2021-02-17,32.315,1,0,639
506084,2021-05-02,19.247,1,0,669
506085,2021-03-01,11.485,2,2,887
506086,2021-04-23,28.423,1,1,841
506087,2021-09-07,11.565,0,0,505
506088,2021-01-18,40.012,1,0,873
506089,2021-05-04,48.071,1,1,565
506090,2021-01-09,33.605,1,0,859
506091,2021-12-15,9.614,1,2,595
506092,2021-09-23,28.047,2,3,669
506093,2021-03-30,51.143,2,0,682
506094,2021-03-14,72.282,1,0,1053
506095,2021-02-06,43.873,1,0,852
506096,2021-06-22,39.235,2,0,1007
506097,2021-10-03,42.808,1,0,1301
506098,2021-08-02,79.462,0,0,788
506099,2021-11-18,35.078,2,0,1050
506100,2021-05-06,17.391,1,2,614
506101,2021-04-12,27.455,0,0,1006
506102,2021-06-24,24.27,1,2,595
506103,2021-03-15,23.934,1,0,777
506104,2021-12-23,27.06,1,0,877
506105,2021-03-09,123.508,1,0,905
506106,2021-06-24,20.774,2,0,551
506107,2021-07-10,27.591,0,0,624
506108,2021-01-21,119.066,0,2,850
506109,2021-06-20,43.337,2,3,654
506110,2021-06-15,40.274,0,0,528
506111,2021-04-05,53.267,2,0,767
506112,2021-02-16,37.512,1,0,759
506113,2021-01-17,27.36,1,2,772
506114,2021-01-04,39.781,1,0,875
506115,2021-06-25,41.851,1,0,864
506116,2021-02-02,16.06,1,3,582
506117,2021-12-17,30.19,2,3,646
506118,2021-03-31,16.333,1,1,927
506119,2021-08-27,22.928,2,0,682
506120,2021-09-03,43.47,1,0,709
506121,2021-06-30,28.316,0,0,509
506122,2021-11-19,32.419,2,1,755
506123,2021-02-10,9.397,1,2,802
506124,2021-03-27,18.712,0,0,424
506125,2021-04-03,22.558,0,3,527
506126,2021-02-19,15.872,2,0,524
506127,2021-04-18,43.33,0,2,882
506128,2021-04-25,36.756,1,0,436
506129,2021-10-07,56.261,2,0,766
506130,2021-04-21,76.599,1,0,909
506131,2021-11-16,66.21,2,1,794
506132,2021-10-10,41.038,0,0,701
506133,2021-11-26,45.649,1,0,842
506134,2021-02-08,38.285,0,2,927
506135,2021-12-26,22.621,1,1,741
506136,2021-08-13,40.33,2,1,357
506137,2021-12-25,28.317,2,1,967
506138,2021-05-10,19.503,0,1,832
506139,2021-12-14,17.003,1,1,754
506140,2021-08-03,11.76,1,0,424
506141,2021-01-27,34.963,1,0,726
506142,2021-05-30,25.751,1,0,622
506143,2021-02-20,25.08,2,0,561
506144,2021-12-10,19.754,2,0,755
506145,2021-04-22,25.803,0,0,684
506146,2021-03-23,21.85,2,0,695
506147,2021-07-21,35.748,1,2,873
506148,2021-06-05,49.731,1,1,806
506149,2021-02-05,28.65,1,1,671
506150,2021-10-26,55.401,1,3,608
506151,2021-11-05,23.439,1,0,698
506152,2021-09-29,15.121,0,0,735
506153,2021-08-14,64.6,1,0,885
506154,2021-05-27,14.362,0,0,592
506155,2021-07-17,27.197,2,0,1043
506156,2021-07-10,47.595,1,2,845
506157,2021-03-02,61.122,1,0,287
506158,2021-01-30,30.905,1,0,795
506159,2021-04-03,27.039,1,0,967
506160,2021-06-15,90.04,2,0,850
506161,2021-02-28,55.608,1,1,686
506162,2021-02-08,55.037,1,1,749
506163,2021-11-07,43.734,1,2,772
506164,2021-05-17,48.254,1,1,899
506165,2021-08-02,40.474,2,0,525
506166,2021-07-11,32.981,1,0,671
506167,2021-09-26,15.675,1,1,1055
506168,2021-09-28,20.707,0,0,786
506169,2021-04-19,48.882,1,0,1055
506170,2021-11-06,60.088,1,0,1317
506171,2021-05-16,36.767,0,1,671
506172,2021-11-01,24.693,2,0,564
506173,2021-05-28,38.303,1,4,662
506174,2021-02-10,41.474,2,0,978
506175,2021-10-05,17.437,0,0,1003
506176,2021-01-12,65.32,1,0,1189
506177,2021-10-09,48.986,1,0,773
506178,2021-01-16,26.523,1,0,868
506179,2021-03-17,35.385,1,1,632
506180,2021-08-09,30.118,1,0,329
506181,2021-12-10,62.477,1,0,773
506182,2021-05-30,27.902,1,0,572
506183,2021-02-14,20.405,1,0,896
506184,2021-03-27,36.128,2,3,381
506185,2021-11-24,22.506,0,0,647
506186,2021-09-23,52.892,1,2,788
506187,2021-02-06,39.803,2,0,847
506188,2021-05-21,20.466,1,0,771
506189,2021-04-07,24.13,1,2,1076
506190,2021-03-06,28.288,0,0,1063
506191,2021-11-05,29.635,0,2,617
506192,2021-08-14,16.34,1,0,1070
506193,2021-03-07,20.581,1,0,1097
506194,2021-08-26,39.182,1,3,698
506195,2021-05-31,61.765,1,0,788
506196,2021-01-23,27.504,0,4,701
506197,2021-06-14,35.096,1,3,604
506198,2021-03-09,99.169,1,0,682
506199,2021-03-31,36.736,0,0,1017
506200,2021-11-17,14.535,2,2,819
506201,2021-09-17,44.673,1,0,680
506202,2021-02-18,40.155,1,1,593
506203,2021-11-07,28.215,1,0,644
506204,2021-07-29,20.825,2,0,751
506205,2021-11-16,61.924,1,0,944
506206,2021-09-30,10.419,2,1,605
506207,2021-05-04,34.422,1,1,922
506208,2021-07-15,30.125,1,1,795
506209,2021-07-13,25.235,1,0,806
506210,2021-09-20,37.972,1,0,965
506211,2021-04-01,20.391,2,0,932
506212,2021-05-02,44.533,2,0,527
506213,2021-03-31,129.196,1,0,585
506214,2021-04-19,23.581,1,1,719
506215,2021-02-28,41.861,1,0,844
506216,2021-01-14,37.348,1,0,1026
506217,2021-12-10,40.148,2,1,772
506218,2021-01-28,29.116,2,0,1087
506219,2021-11-21,35.043,0,4,583
506220,2021-01-02,38.4,1,0,683
506221,2021-10-11,55.525,2,0,725
506222,2021-04-30,48.497,1,3,573
506223,2021-07-08,63.505,1,1,969
506224,2021-04-14,27.918,0,2,241
506225,2021-06-29,35.91,2,0,689
506226,2021-06-14,32.597,1,0,987
506227,2021-07-13,58.698,2,1,704
506228,2021-05-24,19.948,0,0,973
506229,2021-07-15,60.113,1,1,1156
506230,2021-10-29,41.557,2,0,794
506231,2021-06-08,60.046,1,0,990
506232,2021-05-12,35.736,1,0,1215
506233,2021-02-18,31.604,1,2,812
506234,2021-05-12,26.768,0,0,771
506235,2021-02-15,30.008,0,4,872
506236,2021-03-08,14.039,1,0,993
506237,2021-12-14,32.505,1,0,773
506238,2021-02-02,31.061,2,0,693
506239,2021-06-25,45.087,2,1,1069
506240,2021-11-01,24.97,0,2,691
506241,2021-12-14,40.919,1,0,995
506242,2021-02-23,39.337,0,0,827
506243,2021-03-01,15.657,1,1,1089
506244,2021-05-16,35.693,1,0,627
506245,2021-07-22,51.594,1,1,607
506246,2021-12-17,61.954,2,1,914
506247,2021-03-17,24.093,0,0,577
506248,2021-03-02,18.082,1,1,781
506249,2021-04-03,59.956,2,1,1039
506250,2021-11-16,42.08,1,0,459
506251,2021-01-11,22.585,2,0,852
506252,2021-05-19,23.993,2,0,998
506253,2021-02-13,34.699,1,2,735
506254,2021-02-27,49.4,1,1,593
506255,2021-12-01,30.039,0,0,733
506256,2021-01-01,17.853,1,0,629
506257,2021-04-28,14.81,1,0,792
506258,2021-12-01,24.902,1,0,730
506259,2021-08-10,23.988,1,0,688
506260,2021-01-27,21.75,2,0,864
506261,2021-06-19,65.74,2,0,1064
506262,2021-12-21,17.6,2,1,819
506263,2021-05-27,25.522,0,1,1002
506264,2021-07-12,91.739,1,0,1064
506265,2021-07-14,28.76,1,1,654
506266,2021-08-30,32.967,0,0,829
506267,2021-03-10,74.602,2,0,704
506268,2021-11-03,33.145,1,4,443
506269,2021-12-27,41.598,1,0,844
506270,2021-02-22,29.434,2,0,591
506271,2021-10-26,27.13,1,0,867
506272,2021-10-26,17.282,2,1,480
506273,2021-09-28,31.744,1,0,811
506274,2021-05-16,44.778,2,3,437
506275,2021-06-21,83.632,2,0,901
506276,2021-11-03,28.244,2,0,709
506277,2021-02-25,56.525,2,0,692
506278,2021-10-30,61.892,1,1,963
506279,2021-12-03,25.835,2,0,722
506280,2021-09-06,34.394,1,3,740
506281,2021-05-05,34.579,0,3,684
506282,2021-07-24,17.816,1,0,871
506283,2021-01-19,32.182,0,0,968
506284,2021-12-07,23.953,1,0,930
506285,2021-05-05,32.169,1,1,676
506286,2021-01-21,34.16,1,1,978
506287,2021-10-17,34.184,0,0,615
506288,2021-08-29,25.861,1,3,586
506289,2021-08-16,21.706,1,0,757
506290,2021-01-20,15.46,1,2,928
506291,2021-10-02,52.1,1,2,529
506292,2021-08-21,33.542,1,0,940
506293,2021-10-17,55.392,1,0,770
506294,2021-10-29,30.948,1,0,702
506295,2021-03-19,40.442,0,3,918
506296,2021-03-18,30.889,0,0,636
506297,2021-12-04,29.008,1,2,1151
506298,2021-07-13,38.856,2,0,748
506299,2021-06-09,33.792,1,0,807
506300,2021-04-15,52.23,1,3,998
506301,2021-08-22,67.16,0,0,812
506302,2021-10-03,65.941,1,1,974
506303,2021-01-01,72.105,1,0,428
506304,2021-07-21,20.876,1,0,700
506305,2021-12-29,59.755,1,0,851
506306,2021-04-13,36.396,2,0,975
506307,2021-04-13,37.905,2,1,899
506308,2021-11-17,25.314,1,0,902
506309,2021-01-23,30.419,1,0,971
506310,2021-05-26,13.362,2,0,866
506311,2021-06-17,43.556,2,1,374
506312,2021-10-19,31.284,0,2,1000
506313,2021-02-17,33.671,2,1,609
506314,2021-06-08,62.51,1,4,766
506315,2021-02-25,35.153,1,0,813
506316,2021-10-15,23.784,1,0,789
506317,2021-08-19,34.72,1,0,581
506318,2021-07-01,86.851,1,0,431
506319,2021-05-24,39.976,1,1,580
506320,2021-02-25,58.162,1,2,889
506321,2021-12-03,25.298,0,0,520
506322,2021-08-25,42.411,1,3,562
506323,2021-04-27,38.399,0,0,855
506324,2021-06-01,35.724,1,1,575
506325,2021-09-23,32.34,2,0,682
506326,2021-09-20,31.433,1,1,775
506327,2021-06-18,15.428,1,0,831
506328,2021-04-21,16.912,1,3,531
506329,2021-08-29,16.844,1,3,745
506330,2021-08-29,16.736,2,0,852
506331,2021-08-07,35.961,2,0,551
506332,2021-01-27,28.443,1,1,799
506333,2021-06-22,26.352,1,1,631
506334,2021-08-13,60.026,1,0,802
506335,2021-12-13,31.556,0,1,890
506336,2021-07-11,48.555,0,2,708
506337,2021-05-06,17.427,1,1,924
506338,2021-07-22,42.197,0,0,922
506339,2021-03-06,59.806,1,3,883
506340,2021-02-03,41.78,0,0,853
506341,2021-09-05,32.536,2,0,978
506342,2021-12-26,33.996,1,4,779
506343,2021-11-05,40.673,2,0,480
506344,2021-08-02,43.758,0,0,637
506345,2021-01-15,69.839,0,1,722
506346,2021-12-27,21.85,1,2,724
506347,2021-06-14,53.836,1,0,844
506348,2021-04-16,39.877,0,0,635
506349,2021-11-22,38.187,2,0,1142
506350,2021-09-30,38.903,1,0,762
506351,2021-10-01,58.0,1,0,779
506352,2021-04-12,26.805,1,0,659
506353,2021-12-29,23.676,1,3,539
506354,2021-06-15,34.227,0,1,737
506355,2021-07-13,30.2,2,2,745
506356,2021-10-02,38.65,2,3,704
506357,2021-08-29,81.962,1,3,1018
506358,2021-03-04,36.883,1,1,737
506359,2021-04-21,42.881,2,0,765
506360,2021-05-12,79.621,0,2,887
506361,2021-12-12,49.428,2,0,749
506362,2021-09-18,66.045,2,0,877
506363,2021-05-14,31.829,1,0,550
506364,2021-09-26,32.325,1,0,551
506365,2021-09-27,29.82,1,0,802
506366,2021-05-24,43.226,1,2,698
506367,2021-05-28,43.324,2,0,634
506368,2021-11-23,48.099,1,0,802
506369,2021-07-25,42.327,2,0,818
506370,2021-02-24,32.106,1,2,612
506371,2021-09-20,44.699,1,0,687
506372,2021-08-04,67.761,2,0,819
506373,2021-07-05,37.351,1,2,556
506374,2021-09-22,18.82,1,2,631
506375,2021-11-28,23.085,1,0,876
506376,2021-05-01,40.924,1,1,756
506377,2021-06-03,24.429,0,0,694
506378,2021-03-11,27.066,1,3,557
506379,2021-08-25,28.951,1,1,578
506380,2021-05-27,51.551,2,1,736
506381,2021-05-05,71.434,1,0,1145
506382,2021-09-12,21.13,1,1,862
506383,2021-05-29,55.461,1,0,540
506384,2021-06-19,56.017,2,0,907
506385,2021-06-10,41.453,1,1,623
506386,2021-04-05,32.171,1,2,739
506387,2021-02-15,56.991,1,0,674
506388,2021-10-29,39.302,2,3,1084
506389,2021-02-03,38.183,1,0,576
506390,2021-04-29,15.022,0,1,816
506391,2021-09-01,40.882,0,0,657
506392,2021-02-17,65.569,1,0,913
506393,2021-08-28,17.67,1,3,773
506394,2021-09-25,24.201,1,0,1006
506395,2021-08-30,27.47,0,3,849
506396,2021-04-22,30.852,1,0,655
506397,2021-01-08,25.838,0,1,1285
506398,2021-11-20,61.879,1,0,880
506399,2021-04-30,83.17,2,1,661
506400,2021-10-21,35.594,1,3,757
506401,2021-03-14,32.324,1,1,874
506402,2021-03-01,37.584,1,0,887
506403,2021-10-12,21.303,0,2,829
506404,2021-12-10,33.386,2,1,934
506405,2021-11-11,44.693,1,0,936
506406,2021-10-02,47.849,1,1,607
506407,2021-04-01,45.808,1,1,1139
506408,2021-11-30,26.337,0,2,1094
506409,2021-09-01,37.069,1,0,924
506410,2021-03-04,29.83,1,0,787
506411,2021-02-17,50.32,1,3,730
506412,2021-11-14,43.7,1,1,702
506413,2021-04-11,70.004,0,0,745
506414,2021-10-07,40.507,2,4,316
506415,2021-02-20,23.787,1,0,1055
506416,2021-04-13,24.797,2,0,992
506417,2021-04-14,36.801,1,2,438
506418,2021-04-13,12.492,1,1,920
506419,2021-09-04,28.244,1,3,719
506420,2021-11-30,27.408,1,1,724
506421,2021-11-29,25.084,1,0,869
506422,2021-09-28,38.324,1,0,466
506423,2021-03-15,21.917,1,0,778
506424,2021-12-17,16.639,1,3,734
506425,2021-07-17,51.585,1,0,794
506426,2021-07-19,34.3,2,0,534
506427,2021-09-14,45.768,2,0,860
506428,2021-10-08,44.248,1,0,971
506429,2021-12-14,44.302,0,0,853
506430,2021-08-01,45.634,0,1,719
506431,2021-08-11,45.353,1,0,1264
506432,2021-09-30,86.754,1,3,554
506433,2021-04-04,39.313,1,3,859
506434,2021-04-23,53.295,1,0,824
506435,2021-08-17,37.048,0,2,1102
506436,2021-01-24,17.26,1,0,850
506437,2021-04-27,33.725,2,0,888
506438,2021-09-20,65.863,2,0,871
506439,2021-12-23,42.598,1,2,550
506440,2021-07-09,28.31,0,1,604
506441,2021-05-26,49.277,1,0,730
506442,2021-06-10,22.265,0,1,932
506443,2021-09-08,54.883,1,1,802
506444,2021-07-18,28.656,1,1,723
506445,2021-01-09,37.757,1,0,1027
506446,2021-07-16,21.673,1,2,383
506447,2021-05-27,39.309,0,1,527
506448,2021-09-13,12.221,2,0,331
506449,2021-11-16,29.061,0,2,957
506450,2021-12-18,25.526,1,0,763
506451,2021-08-11,24.035,1,1,934
506452,2021-05-13,9.06,2,1,740
506453,2021-06-12,25.628,2,0,964
506454,2021-03-06,37.335,1,0,757
506455,2021-12-08,23.835,0,1,834
506456,2021-11-06,42.15,1,2,787
506457,2021-11-08,51.283,1,2,801
506458,2021-04-30,41.867,1,1,1063
506459,2021-04-28,42.745,1,0,488
506460,2021-11-09,39.356,2,0,768
506461,2021-07-18,43.711,1,2,776
506462,2021-09-15,25.767,1,0,789
506463,2021-06-28,24.17,1,1,688
506464,2021-06-11,27.123,1,0,684
506465,2021-08-19,54.02,1,0,1055
506466,2021-10-24,24.225,2,1,747
506467,2021-05-02,32.042,1,1,1199
506468,2021-10-23,29.291,2,1,855
506469,2021-03-31,38.813,1,0,728
506470,2021-05-28,46.519,2,2,839
506471,2021-11-30,46.086,2,0,800
506472,2021-12-15,15.708,1,2,982
506473,2021-12-04,41.47,0,1,550
506474,2021-04-26,34.076,1,0,456
506475,2021-11-04,38.37,1,1,825
506476,2021-12-08,34.618,1,1,910
506477,2021-12-24,24.27,1,0,831
506478,2021-01-08,54.833,2,1,881
506479,2021-09-29,30.02,2,0,875
506480,2021-12-30,59.66,1,3,454
506481,2021-10-07,40.162,1,0,831
506482,2021-03-27,34.687,1,0,1017
506483,2021-10-06,24.32,0,2,771
506484,2021-02-08,34.549,2,0,544
506485,2021-06-25,54.335,0,4,650
506486,2021-08-17,38.058,1,0,880
506487,2021-06-16,38.265,1,0,1103
506488,2021-09-13,74.664,1,0,428
506489,2021-03-29,19.319,1,0,845
506490,2021-08-10,22.93,1,0,612
506491,2021-08-24,45.315,1,0,871
506492,2021-08-20,16.175,0,0,886
506493,2021-04-16,44.027,1,0,738
506494,2021-04-22,24.394,2,0,894
506495,2021-04-05,34.923,1,0,985
506496,2021-06-18,58.664,1,0,750
506497,2021-08-02,19.87,1,0,539
506498,2021-05-13,14.692,1,0,1037
506499,2021-05-30,13.481,1,0,929
506500,2021-04-15,40.917,1,0,881
506501,2021-03-21,57.309,1,0,656
506502,2021-08-28,21.548,2,3,897
506503,2021-10-25,58.096,1,0,1148
506504,2021-04-17,39.359,1,0,758
506505,2021-11-11,36.228,1,1,777
506506,2021-07-28,63.139,1,0,588
506507,2021-03-03,18.667,1,0,650
506508,2021-05-14,47.027,2,2,547
506509,2021-01-03,15.483,1,1,784
506510,2021-01-15,18.976,1,4,649
506511,2021-05-03,20.268,1,3,787
506512,2021-06-15,56.458,2,1,599
506513,2021-10-19,48.587,1,1,730
506514,2021-02-19,50.906,1,0,608
506515,2021-11-03,32.552,1,3,754
506516,2021-03-27,35.243,1,1,466
506517,2021-02-20,52.001,1,0,807
506518,2021-09-13,32.795,1,0,730
506519,2021-10-10,36.144,1,1,793
506520,2021-08-09,32.849,0,0,483
506521,2021-02-12,32.434,1,2,858
506522,2021-02-12,84.723,1,0,726
506523,2021-05-23,51.454,2,2,779
506524,2021-06-14,39.997,2,0,443
506525,2021-12-31,27.68,1,1,536
506526,2021-04-15,34.889,0,0,710
506527,2021-03-12,52.79,0,0,1028
506528,2021-12-12,42.722,0,0,875
506529,2021-02-26,28.341,1,0,803
506530,2021-01-10,16.245,1,0,614
506531,2021-06-04,26.783,2,2,541
506532,2021-05-27,47.586,1,0,830
506533,2021-08-15,19.644,0,1,886
506534,2021-11-17,68.963,1,1,798
506535,2021-12-07,36.043,1,0,1088
506536,2021-04-16,60.23,0,3,597
506537,2021-12-24,32.1,2,2,772
506538,2021-08-19,14.425,1,2,435
506539,2021-01-26,26.407,1,2,778
506540,2021-12-09,25.604,2,1,1024
506541,2021-02-20,22.988,1,4,523
506542,2021-08-03,46.944,2,0,932
506543,2021-10-16,23.104,1,0,1039
506544,2021-04-02,18.526,1,1,636
506545,2021-04-09,25.339,1,0,864
506546,2021-06-23,58.997,2,1,1044
506547,2021-11-19,30.721,1,0,821
506548,2021-03-23,21.22,1,0,922
506549,2021-08-31,30.4,0,3,401
506550,2021-06-15,56.382,0,0,887
506551,2021-02-10,41.633,1,0,873
506552,2021-09-17,41.202,1,1,521
506553,2021-10-31,49.147,2,2,566
506554,2021-07-30,14.797,1,2,849
506555,2021-03-06,31.615,1,0,726
506556,2021-02-26,50.949,2,3,920
506557,2021-06-04,13.1,1,1,816
506558,2021-07-04,13.629,1,2,750
506559,2021-07-21,20.524,2,0,749
506560,2021-03-30,23.805,0,0,833
506561,2021-07-02,34.928,1,0,925
506562,2021-04-18,19.521,2,1,856
506563,2021-09-08,39.662,0,0,704
506564,2021-10-18,90.913,1,0,1003
506565,2021-08-27,26.272,1,1,878
506566,2021-01-01,18.189,1,0,849
506567,2021-12-29,27.455,1,0,797
506568,2021-01-09,42.524,2,0,870
506569,2021-12-31,39.824,0,3,390
506570,2021-01-12,47.346,0,1,803
506571,2021-07-08,29.978,0,1,1055
506572,2021-02-08,44.74,0,3,760
506573,2021-02-04,126.73,1,1,775
506574,2021-09-07,26.443,1,0,673
506575,2021-09-23,34.844,2,1,849
506576,2021-02-13,39.595,1,3,685
506577,2021-12-23,105.653,1,0,1016
506578,2021-04-27,49.983,1,1,605
506579,2021-04-27,39.649,2,0,699
506580,2021-04-19,25.935,0,2,632
506581,2021-06-18,64.202,2,1,1090
506582,2021-03-06,31.106,1,3,686
506583,2021-06-05,67.53,1,1,661
506584,2021-03-18,29.622,1,0,404
506585,2021-01-19,26.25,1,0,616
506586,2021-05-15,16.788,1,3,815
506587,2021-09-03,41.994,1,0,874
506588,2021-10-06,14.749,1,0,663
506589,2021-05-09,56.76,2,1,653
506590,2021-04-29,17.978,1,0,1115
506591,2021-10-15,14.68,1,0,1265
506592,2021-09-06,33.626,0,0,987
506593,2021-10-31,51.224,1,0,1061
506594,2021-11-27,38.382,0,1,1079
506595,2021-10-27,47.005,2,0,1179
506596,2021-12-08,43.631,1,0,726
506597,2021-06-02,44.431,1,2,582
506598,2021-05-25,76.541,1,0,1110
506599,2021-04-28,25.5,0,1,586
506600,2021-03-27,36.816,1,0,595
506601,2021-10-01,15.675,2,0,599
506602,2021-09-18,73.252,1,1,736
506603,2021-10-20,29.183,1,1,403
506604,2021-03-03,39.442,1,3,462
506605,2021-06-29,28.825,1,0,668
506606,2021-03-23,29.066,1,0,565
506607,2021-11-22,46.833,0,0,971
506608,2021-04-08,50.952,1,0,781
506609,2021-02-22,26.001,1,0,884
506610,2021-07-28,70.589,1,3,804
506611,2021-11-17,49.466,0,2,703
506612,2021-12-01,68.882,2,0,958
506613,2021-02-05,14.402,1,0,861
506614,2021-04-29,24.89,1,0,723
506615,2021-02-26,51.681,1,0,477
506616,2021-04-23,20.22,1,1,854
506617,2021-07-14,31.71,2,3,493
506618,2021-04-13,21.658,1,0,848
506619,2021-01-25,41.208,1,0,794
506620,2021-07-06,33.351,2,0,535
506621,2021-01-20,21.232,1,0,827
506622,2021-03-24,83.675,1,3,754
506623,2021-01-01,44.014,1,2,775
506624,2021-02-01,41.432,1,2,766
506625,2021-06-09,35.932,1,2,623
506626,2021-11-07,49.312,1,0,886
506627,2021-10-10,45.27,0,1,636
506628,2021-02-06,16.91,1,1,567
506629,2021-01-13,81.024,1,0,901
506630,2021-05-04,75.234,0,0,949
506631,2021-08-27,34.337,2,1,869
506632,2021-09-30,18.057,1,3,683
506633,2021-10-28,21.011,0,0,431
506634,2021-05-05,19.65,1,3,987
506635,2021-03-03,38.085,1,3,368
506636,2021-01-10,32.803,0,3,825
506637,2021-02-23,26.126,0,0,1160
506638,2021-01-24,44.65,2,0,807
506639,2021-11-11,33.414,1,1,812
506640,2021-04-08,58.176,1,0,848
506641,2021-10-28,33.711,2,0,816
506642,2021-07-21,72.59,1,2,1163
506643,2021-07-16,94.906,1,0,628
506644,2021-06-15,38.546,0,0,606
506645,2021-10-27,27.682,1,3,661
506646,2021-01-16,33.655,0,0,1093
506647,2021-02-03,54.164,0,3,616
506648,2021-06-04,58.183,2,0,857
506649,2021-05-24,14.705,1,0,973
506650,2021-07-19,45.855,0,0,920
506651,2021-09-27,29.978,2,0,963
506652,2021-08-03,39.263,1,0,1035
506653,2021-04-04,33.937,0,2,795
506654,2021-04-30,28.093,1,3,638
506655,2021-10-02,16.368,0,0,806
506656,2021-03-15,17.475,1,0,719
506657,2021-07-04,31.176,1,1,1214
506658,2021-07-16,30.21,2,0,684
506659,2021-10-01,33.667,1,0,867
506660,2021-09-18,46.217,1,0,510
506661,2021-06-19,28.119,2,0,804
506662,2021-04-23,18.482,0,0,728
506663,2021-05-15,54.068,1,0,902
506664,2021-05-31,45.496,1,1,886
506665,2021-03-22,28.436,1,0,1035
506666,2021-08-17,51.334,1,0,1021
506667,2021-03-18,22.068,1,0,768
506668,2021-08-25,36.491,0,0,610
506669,2021-10-02,37.467,0,3,571
506670,2021-12-18,25.286,1,1,814
506671,2021-02-13,42.101,2,3,748
506672,2021-10-05,18.401,1,0,826
506673,2021-02-01,34.329,2,0,684
506674,2021-05-04,34.382,2,0,1039
506675,2021-03-06,25.084,1,0,515
506676,2021-03-01,44.847,1,1,654
506677,2021-03-06,57.709,1,0,586
506678,2021-01-17,34.869,0,0,742
506679,2021-10-28,36.48,1,0,1004
506680,2021-01-23,31.603,2,0,728
506681,2021-05-26,33.367,1,0,798
506682,2021-09-13,28.182,1,1,880
506683,2021-12-28,34.861,1,3,660
506684,2021-11-08,30.934,0,0,849
506685,2021-02-20,72.469,0,0,825
506686,2021-12-27,31.324,0,0,576
506687,2021-08-27,22.544,1,0,696
506688,2021-03-07,16.194,1,1,824
506689,2021-06-13,54.332,2,0,1011
506690,2021-12-02,66.082,2,4,941
506691,2021-05-24,23.603,1,2,1117
506692,2021-03-09,43.171,2,0,867
506693,2021-11-16,43.73,0,3,646
506694,2021-12-14,36.477,1,1,748
506695,2021-12-23,20.865,1,4,690
506696,2021-12-15,41.143,1,0,707
506697,2021-11-15,62.419,1,4,779
506698,2021-06-15,64.954,0,0,857
506699,2021-03-12,44.905,1,0,569
506700,2021-08-14,47.076,1,3,916
506701,2021-03-22,17.64,1,0,449
506702,2021-06-22,45.387,2,0,740
506703,2021-08-28,54.613,2,0,987
506704,2021-12-12,35.269,1,0,889
506705,2021-04-16,34.234,1,0,716
506706,2021-04-02,27.309,2,0,1134
506707,2021-09-26,17.742,1,0,701
506708,2021-01-03,44.784,0,2,380
506709,2021-07-26,81.145,1,0,861
506710,2021-09-30,25.809,1,2,420
506711,2021-07-21,36.619,1,1,610
506712,2021-05-21,19.278,0,2,852
506713,2021-10-30,37.707,1,2,657
506714,2021-05-16,25.291,1,3,825
506715,2021-09-17,33.589,2,0,572
506716,2021-06-19,55.401,1,1,915
506717,2021-01-10,38.502,0,3,416
506718,2021-07-13,33.648,1,1,997
506719,2021-01-19,22.9,1,0,694
506720,2021-12-06,50.016,1,1,1036
506721,2021-08-08,20.689,1,2,589
506722,2021-05-16,62.13,0,0,1126
506723,2021-06-27,37.421,1,1,588
506724,2021-08-15,21.513,0,2,417
506725,2021-04-05,18.217,1,0,788
506726,2021-04-16,35.39,0,0,1002
506727,2021-06-02,29.754,1,0,922
506728,2021-04-05,43.803,2,1,969
506729,2021-10-04,22.041,1,0,926
506730,2021-02-07,50.853,1,1,612
506731,2021-10-29,11.192,1,0,918
506732,2021-05-08,35.223,0,3,737
506733,2021-07-24,25.504,1,2,612
506734,2021-02-27,36.827,1,2,772
506735,2021-05-21,60.18,1,0,770
506736,2021-10-03,52.573,1,0,1035
506737,2021-04-09,41.484,1,1,667
506738,2021-02-18,60.453,2,0,679
506739,2021-07-10,64.814,0,0,654
506740,2021-03-01,69.54,1,0,1121
506741,2021-04-25,26.315,1,0,664
506742,2021-06-14,49.923,0,1,993
506743,2021-07-25,50.899,1,0,594
506744,2021-08-22,35.131,1,0,871
506745,2021-09-04,55.713,1,0,827
506746,2021-11-05,42.145,2,0,1002
506747,2021-01-25,18.24,0,0,976
506748,2021-05-13,59.85,1,2,755
506749,2021-01-01,25.777,1,3,623
506750,2021-01-04,15.411,2,3,1012
506751,2021-03-19,147.044,2,0,665
506752,2021-08-07,21.509,2,0,372
506753,2021-11-23,54.169,2,0,445
506754,2021-10-10,25.522,0,1,469
506755,2021-08-24,29.505,2,1,867
506756,2021-10-12,23.788,0,2,1139
506757,2021-03-04,22.356,1,0,413
506758,2021-11-03,54.324,1,1,619
506759,2021-11-21,94.346,1,3,736
506760,2021-02-04,33.337,0,0,1058
506761,2021-06-21,15.426,1,2,598
506762,2021-10-30,22.974,0,1,866
506763,2021-06-23,22.83,2,0,735
506764,2021-11-03,43.566,1,3,1189
506765,2021-12-08,31.466,1,2,766
506766,2021-06-23,91.536,0,2,804
506767,2021-01-22,33.503,2,0,795
506768,2021-05-05,47.807,1,0,705
506769,2021-03-20,37.354,1,1,931
506770,2021-06-23,40.352,1,0,571
506771,2021-08-02,29.776,2,0,420
506772,2021-06-19,34.915,1,0,753
506773,2021-03-13,27.994,2,0,927
506774,2021-04-20,34.486,1,1,655
506775,2021-09-06,31.742,2,0,814
506776,2021-01-10,100.052,1,0,560
506777,2021-03-20,49.389,2,0,971
506778,2021-11-22,43.154,2,0,897
506779,2021-02-06,30.81,2,0,784
506780,2021-06-01,20.769,1,0,810
506781,2021-03-17,18.116,1,0,529
506782,2021-02-08,32.361,1,0,537
506783,2021-06-04,32.521,1,1,738
506784,2021-07-10,39.641,1,0,872
506785,2021-03-06,39.973,1,1,862
506786,2021-01-29,32.441,1,0,715
506787,2021-02-19,117.673,1,1,894
506788,2021-08-26,41.745,2,1,1016
506789,2021-11-11,32.12,0,0,764
506790,2021-03-07,30.144,1,1,816
506791,2021-04-27,47.452,2,2,703
506792,2021-05-06,31.637,1,0,757
506793,2021-05-12,61.823,1,1,791
506794,2021-03-31,32.994,0,2,1047
506795,2021-01-21,29.425,1,0,945
506796,2021-07-11,17.777,1,3,869
506797,2021-05-11,57.54,0,0,698
506798,2021-05-05,21.895,1,1,598
506799,2021-04-07,47.586,2,3,790
506800,2021-12-06,26.749,1,4,934
506801,2021-08-11,52.58,1,1,1070
506802,2021-06-02,63.599,2,1,319
506803,2021-03-16,24.938,0,0,1220
506804,2021-10-20,23.978,1,0,855
506805,2021-11-21,93.077,1,2,904
506806,2021-01-12,43.027,2,0,467
506807,2021-12-06,47.479,1,2,697
506808,2021-09-13,19.042,1,0,928
506809,2021-02-06,21.03,1,0,569
506810,2021-10-02,38.499,1,0,260
506811,2021-02-09,29.504,1,0,840
506812,2021-01-19,22.938,0,0,771
506813,2021-02-12,39.684,1,0,1039
506814,2021-06-17,16.713,2,4,681
506815,2021-08-15,39.319,2,2,724
506816,2021-05-29,22.872,2,2,866
506817,2021-02-14,48.145,2,0,966
506818,2021-03-14,34.799,1,0,652
506819,2021-11-08,46.55,0,1,930
506820,2021-12-18,65.88,1,0,686
506821,2021-10-03,25.175,1,0,783
506822,2021-02-07,21.855,1,3,841
506823,2021-10-27,61.904,2,0,932
506824,2021-09-10,72.719,0,3,777
506825,2021-07-12,62.301,1,0,586
506826,2021-02-22,12.629,0,0,443
506827,2021-12-30,52.482,1,0,746
506828,2021-06-11,25.915,1,3,895
506829,2021-01-17,60.389,1,1,841
506830,2021-03-18,35.622,0,2,784
506831,2021-05-27,30.087,1,0,779
506832,2021-01-23,27.029,1,3,776
506833,2021-04-29,27.254,0,1,581
506834,2021-06-20,20.679,1,1,900
506835,2021-12-13,28.876,2,2,892
506836,2021-02-01,36.387,2,2,676
506837,2021-07-30,69.968,1,1,839
506838,2021-12-01,44.072,1,0,471
506839,2021-10-22,31.011,1,2,772
506840,2021-12-04,35.115,2,0,756
506841,2021-03-04,10.456,1,4,937
506842,2021-10-20,29.341,1,0,744
506843,2021-12-24,44.689,1,0,936
506844,2021-04-30,25.249,1,0,710
506845,2021-07-02,27.93,2,1,349
506846,2021-07-13,11.799,1,0,739
506847,2021-06-30,17.429,0,2,775
506848,2021-04-16,21.76,2,1,787
506849,2021-12-21,25.278,1,0,810
506850,2021-12-16,10.176,0,0,689
506851,2021-05-19,32.436,1,2,682
506852,2021-10-21,37.333,2,3,517
506853,2021-05-26,42.109,1,0,421
506854,2021-10-18,28.818,0,3,701
506855,2021-08-02,50.728,1,0,646
506856,2021-06-21,97.762,2,1,954
506857,2021-02-16,18.205,1,2,347
506858,2021-08-27,19.962,1,0,832
506859,2021-04-28,38.661,2,0,1162
506860,2021-03-21,46.473,0,1,727
506861,2021-03-12,20.831,0,0,780
506862,2021-12-25,70.3,1,0,857
506863,2021-02-07,21.756,1,0,871
506864,2021-10-19,30.716,2,2,666
506865,2021-11-13,56.759,2,0,599
506866,2021-01-12,66.762,1,0,897
506867,2021-08-04,22.361,1,4,367
506868,2021-07-30,45.481,1,2,890
506869,2021-05-11,33.313,2,0,709
506870,2021-09-01,18.081,1,0,781
506871,2021-05-30,25.239,1,0,685
506872,2021-06-10,20.965,2,0,1038
506873,2021-06-07,49.004,0,0,825
506874,2021-10-20,18.993,1,0,722
506875,2021-08-20,42.582,1,0,717
506876,2021-05-19,35.44,1,1,733
506877,2021-12-05,48.649,0,0,1211
506878,2021-10-20,35.954,1,0,543
506879,2021-12-07,21.565,1,2,935
506880,2021-09-24,39.384,1,0,882
506881,2021-05-23,37.735,2,1,1037
506882,2021-10-10,27.678,1,0,893
506883,2021-05-01,134.091,1,1,761
506884,2021-04-09,20.503,2,0,964
506885,2021-06-14,45.151,1,0,821
506886,2021-12-20,46.022,1,2,876
506887,2021-07-27,30.672,1,0,1037
506888,2021-05-21,45.484,2,0,797
506889,2021-06-18,42.693,1,0,704
506890,2021-04-17,33.789,2,0,664
506891,2021-08-29,32.469,2,0,861
506892,2021-05-08,32.012,2,0,622
506893,2021-07-22,27.394,1,0,717
506894,2021-05-15,66.055,1,1,586
506895,2021-04-28,50.767,1,2,832
506896,2021-12-21,37.237,1,0,645
506897,2021-05-07,24.247,1,3,488
506898,2021-01-26,30.29,1,0,580
506899,2021-05-19,26.79,2,0,677
506900,2021-07-14,40.967,2,1,674
506901,2021-02-04,17.297,1,1,805
506902,2021-04-22,27.177,1,0,751
506903,2021-03-02,25.307,2,4,777
506904,2021-07-02,27.784,2,3,801
506905,2021-09-21,79.526,0,0,913
506906,2021-12-20,31.722,2,1,417
506907,2021-05-23,38.459,2,2,537
506908,2021-11-12,30.621,1,3,820
506909,2021-03-20,55.487,2,1,798
506910,2021-10-12,29.309,1,0,956
506911,2021-07-25,32.968,1,1,482
506912,2021-10-04,25.665,0,0,694
506913,2021-10-03,30.258,1,1,707
506914,2021-07-14,66.653,1,1,790
506915,2021-04-04,45.431,0,1,766
506916,2021-07-12,26.506,1,0,864
506917,2021-10-29,51.04,1,0,759
506918,2021-12-21,61.642,1,1,1007
506919,2021-12-05,25.379,1,0,1084
506920,2021-03-08,30.664,1,0,579
506921,2021-08-07,35.126,1,0,788
506922,2021-02-08,24.795,0,2,884
506923,2021-09-02,28.849,1,0,885
506924,2021-12-29,32.87,1,1,687
506925,2021-01-20,32.755,2,0,826
506926,2021-08-28,139.991,1,2,455
506927,2021-12-12,26.28,1,0,777
506928,2021-11-06,18.051,2,0,517
506929,2021-05-24,55.994,2,0,871
506930,2021-02-07,38.009,2,0,579
506931,2021-12-04,29.871,1,2,769
506932,2021-12-03,60.419,2,1,817
506933,2021-07-31,19.776,1,2,754
506934,2021-12-24,39.075,1,1,646
506935,2021-01-02,31.515,1,2,702
506936,2021-08-14,36.614,1,4,923
506937,2021-01-15,42.939,1,1,684
506938,2021-12-08,117.021,1,0,784
506939,2021-09-06,27.904,0,0,680
506940,2021-11-30,28.274,2,1,944
506941,2021-07-25,50.973,1,2,754
506942,2021-01-31,56.538,1,1,622
506943,2021-01-10,19.623,1,0,781
506944,2021-05-03,42.554,1,1,717
506945,2021-09-29,20.701,0,0,1031
506946,2021-02-25,19.597,1,0,772
506947,2021-11-08,38.208,1,2,491
506948,2021-03-29,26.485,0,1,850
506949,2021-07-01,19.592,0,0,1101
506950,2021-03-16,23.863,1,0,995
506951,2021-06-20,28.255,2,1,561
506952,2021-06-15,55.309,0,0,732
506953,2021-01-02,26.847,2,0,774
506954,2021-07-27,35.036,1,1,757
506955,2021-10-15,15.571,0,1,829
506956,2021-12-08,31.707,1,0,718
506957,2021-05-01,46.264,1,0,615
506958,2021-11-18,28.788,0,1,931
506959,2021-11-17,45.855,0,0,578
506960,2021-12-27,15.21,0,0,636
506961,2021-05-17,21.18,2,0,577
506962,2021-11-07,45.069,0,0,890
506963,2021-07-26,45.573,1,2,759
506964,2021-01-22,97.091,1,0,939
506965,2021-04-09,56.857,1,4,569
506966,2021-09-03,58.959,0,0,554
506967,2021-02-28,23.188,1,1,680
506968,2021-06-08,33.174,2,0,747
506969,2021-10-10,18.987,1,2,778
506970,2021-02-24,55.343,1,3,417
506971,2021-07-01,30.715,1,0,866
506972,2021-03-20,41.36,2,0,619
506973,2021-07-15,12.071,1,3,603
506974,2021-03-29,10.93,1,3,931
506975,2021-12-19,77.356,2,4,317
506976,2021-01-28,165.802,1,0,838
506977,2021-12-18,42.26,2,0,837
506978,2021-10-17,72.366,1,0,633
506979,2021-11-09,26.405,1,1,680
506980,2021-11-07,20.824,1,0,1000
506981,2021-03-10,73.582,1,0,1133
506982,2021-12-06,33.606,1,1,952
506983,2021-08-05,32.763,2,0,1119
506984,2021-12-18,77.759,1,1,636
506985,2021-11-17,29.959,1,0,496
506986,2021-07-31,22.928,2,2,731
506987,2021-05-17,18.751,2,0,925
506988,2021-02-12,35.639,1,1,426
506989,2021-02-06,53.379,1,0,613
506990,2021-05-23,30.747,0,0,633
506991,2021-10-24,34.261,1,0,844
506992,2021-07-04,29.764,1,2,781
506993,2021-06-25,28.565,1,0,640
506994,2021-03-31,73.109,2,0,812
506995,2021-07-26,33.551,1,1,554
506996,2021-08-21,24.693,2,0,703
506997,2021-12-25,73.316,1,0,552
506998,2021-09-24,34.145,1,0,753
506999,2021-08-10,32.312,1,0,636
507000,2021-11-29,32.073,0,0,904
507001,2021-06-05,16.801,2,0,775
507002,2021-12-08,29.746,1,0,739
507003,2021-05-16,37.145,0,0,1098
507004,2021-02-16,30.219,2,1,829
507005,2021-06-02,55.304,1,1,694
507006,2021-02-16,22.194,2,0,675
507007,2021-02-13,37.571,2,0,567
507008,2021-11-18,28.952,1,1,748
507009,2021-10-18,53.009,2,0,835
507010,2021-03-22,74.1,1,2,395
507011,2021-11-02,71.646,1,0,534
507012,2021-01-26,37.017,1,0,687
507013,2021-04-14,35.265,1,0,582
507014,2021-09-15,33.873,1,1,768
507015,2021-04-21,24.256,1,0,813
507016,2021-09-24,52.125,0,0,758
507017,2021-11-16,13.762,2,0,879
507018,2021-01-25,30.537,1,1,655
507019,2021-01-09,82.039,0,0,772
507020,2021-12-10,17.508,2,1,579
507021,2021-07-09,44.4,2,0,831
507022,2021-07-04,48.886,1,0,794
507023,2021-06-19,27.265,0,0,564
507024,2021-06-08,22.135,2,4,682
507025,2021-09-09,16.768,2,0,773
507026,2021-07-31,28.915,0,0,831
507027,2021-03-01,23.865,1,2,797
507028,2021-08-17,18.095,2,0,650
507029,2021-09-01,54.176,2,0,917
507030,2021-02-11,24.172,2,0,874
507031,2021-05-18,43.372,1,1,630
507032,2021-10-16,23.456,1,0,574
507033,2021-08-14,43.19,1,2,623
507034,2021-02-19,38.475,1,1,495
507035,2021-01-15,55.241,1,0,817
507036,2021-08-01,16.888,1,0,993
507037,2021-06-18,29.382,2,2,996
507038,2021-12-17,51.423,1,2,544
507039,2021-07-10,25.355,1,2,882
507040,2021-12-06,29.065,1,0,795
507041,2021-03-20,46.554,1,1,329
507042,2021-06-13,31.832,2,1,700
507043,2021-02-20,36.385,2,3,640
507044,2021-07-29,32.822,2,0,998
507045,2021-03-10,29.176,0,2,583
507046,2021-06-29,19.022,1,1,861
507047,2021-05-06,27.246,1,3,701
507048,2021-03-09,45.098,1,1,500
507049,2021-02-05,35.179,1,2,641
507050,2021-07-06,43.258,1,0,1056
507051,2021-12-12,34.614,2,0,749
507052,2021-03-14,43.103,1,0,943
507053,2021-05-28,25.735,1,2,893
507054,2021-03-23,21.123,1,0,699
507055,2021-10-23,53.798,1,1,529
507056,2021-06-01,20.078,1,4,503
507057,2021-12-22,23.382,2,3,981
507058,2021-03-31,35.505,0,1,787
507059,2021-01-30,15.09,1,2,428
507060,2021-08-01,32.842,1,0,930
507061,2021-08-26,25.769,1,0,458
507062,2021-12-28,30.668,1,0,631
507063,2021-11-15,35.217,1,2,755
507064,2021-11-19,27.992,0,0,1234
507065,2021-08-20,35.91,2,0,927
507066,2021-05-12,68.17,1,1,673
507067,2021-06-06,94.61,1,0,785
507068,2021-02-18,47.871,1,2,906
507069,2021-06-07,29.925,1,0,1036
507070,2021-05-14,23.288,2,2,695
507071,2021-01-14,24.846,0,0,741
507072,2021-03-16,30.505,1,2,591
507073,2021-07-15,65.904,0,1,880
507074,2021-05-15,20.708,0,0,965
507075,2021-12-29,40.666,2,0,431
507076,2021-06-24,25.203,2,3,649
507077,2021-12-16,54.908,1,0,562
507078,2021-08-30,28.293,1,1,787
507079,2021-01-15,25.308,1,0,557
507080,2021-03-16,24.808,1,2,502
507081,2021-09-15,75.81,2,0,982
507082,2021-07-18,35.515,1,1,730
507083,2021-04-21,54.665,1,1,749
507084,2021-07-10,47.945,0,0,858
507085,2021-11-26,43.066,2,0,955
507086,2021-05-22,28.268,1,3,645
507087,2021-01-17,38.13,1,1,689
507088,2021-04-24,21.409,0,4,639
507089,2021-12-08,24.745,0,2,935
507090,2021-10-06,32.548,0,1,748
507091,2021-11-02,28.651,1,1,708
507092,2021-11-29,32.237,1,3,790
507093,2021-02-12,48.728,1,0,1110
507094,2021-04-14,75.361,0,0,793
507095,2021-01-22,22.249,1,2,691
507096,2021-01-02,38.855,1,3,1070
507097,2021-11-01,30.459,0,0,1019
507098,2021-12-08,16.809,0,0,993
507099,2021-02-26,120.665,1,1,670
507100,2021-09-21,39.726,2,1,652
507101,2021-07-15,28.983,1,0,450
507102,2021-01-26,53.942,1,1,934
507103,2021-12-01,101.484,1,0,794
507104,2021-11-15,39.463,0,0,456
507105,2021-07-27,109.943,1,1,976
507106,2021-09-16,38.507,1,0,719
507107,2021-05-25,54.985,1,2,701
507108,2021-10-17,23.948,1,0,508
507109,2021-06-12,23.599,1,2,829
507110,2021-12-28,39.652,1,0,870
507111,2021-01-24,60.797,1,3,711
507112,2021-03-04,25.715,0,2,665
507113,2021-12-20,52.658,1,0,1253
507114,2021-04-16,42.314,0,4,493
507115,2021-04-24,30.653,1,0,650
507116,2021-10-16,48.127,1,0,907
507117,2021-03-11,25.44,0,3,537
507118,2021-07-07,53.651,0,3,524
507119,2021-04-15,32.062,1,1,964
507120,2021-03-14,48.387,2,4,819
507121,2021-12-18,38.415,1,0,867
507122,2021-03-14,36.424,1,0,813
507123,2021-02-04,7.241,0,0,655
507124,2021-09-03,27.917,1,0,735
507125,2021-11-13,22.807,1,1,746
507126,2021-02-16,44.855,1,0,932
507127,2021-09-16,32.17,0,1,837
507128,2021-07-17,15.667,1,0,613
507129,2021-10-30,51.511,2,0,922
507130,2021-02-16,34.127,0,1,458
507131,2021-12-23,34.079,1,0,722
507132,2021-08-14,41.718,0,1,554
507133,2021-11-04,38.433,1,2,586
507134,2021-05-13,88.334,2,1,1107
507135,2021-12-11,52.683,0,3,455
507136,2021-08-17,35.04,1,3,573
507137,2021-02-16,38.573,1,0,872
507138,2021-12-03,32.39,2,1,675
507139,2021-10-18,28.123,0,0,808
507140,2021-04-20,49.467,1,0,1037
507141,2021-07-19,73.853,0,1,878
507142,2021-05-22,33.141,1,1,676
507143,2021-07-18,41.649,1,2,716
507144,2021-12-19,23.728,1,1,856
507145,2021-11-25,55.33,0,2,854
507146,2021-03-20,27.455,1,1,764
507147,2021-12-21,38.388,2,0,845
507148,2021-06-09,42.56,1,0,845
507149,2021-09-15,65.323,2,0,763
507150,2021-10-06,15.401,1,1,651
507151,2021-06-26,73.245,1,0,914
507152,2021-06-16,60.493,2,0,833
507153,2021-06-16,44.461,1,0,405
507154,2021-11-11,35.185,1,1,611
507155,2021-05-22,56.647,0,0,693
507156,2021-04-13,81.938,1,0,744
507157,2021-05-12,29.523,1,0,997
507158,2021-03-13,67.491,1,0,1356
507159,2021-05-23,54.713,1,0,337
507160,2021-02-11,59.693,1,3,775
507161,2021-02-02,49.97,1,0,793
507162,2021-09-22,33.631,1,0,748
507163,2021-01-29,21.044,0,1,858
507164,2021-07-27,29.682,2,1,787
507165,2021-10-12,56.327,1,0,715
507166,2021-09-22,32.123,1,0,785
507167,2021-06-12,14.446,0,3,820
507168,2021-03-12,26.098,2,3,803
507169,2021-12-06,21.308,1,0,814
507170,2021-11-01,40.209,1,1,655
507171,2021-08-12,62.106,1,0,1287
507172,2021-02-01,47.516,1,0,845
507173,2021-01-13,18.556,2,0,917
507174,2021-04-26,30.178,1,1,669
507175,2021-02-27,20.862,1,0,814
507176,2021-11-11,31.376,1,0,813
507177,2021-03-17,58.261,2,0,436
507178,2021-04-14,36.802,1,0,651
507179,2021-12-23,36.832,1,0,648
507180,2021-10-26,71.719,1,0,672
507181,2021-03-21,24.774,2,1,567
507182,2021-05-20,58.367,1,0,788
507183,2021-07-08,35.459,1,0,1032
507184,2021-08-31,106.922,2,2,763
507185,2021-12-08,43.278,1,0,567
507186,2021-11-14,16.154,0,0,594
507187,2021-12-23,29.157,1,2,672
507188,2021-01-15,20.288,2,1,505
507189,2021-03-28,105.735,1,0,835
507190,2021-07-25,25.554,1,0,1024
507191,2021-01-18,61.804,1,0,676
507192,2021-05-10,55.654,2,0,794
507193,2021-02-26,20.411,0,2,663
507194,2021-12-07,18.086,1,1,647
507195,2021-01-24,54.83,2,0,814
507196,2021-02-24,30.131,0,0,661
507197,2021-03-13,42.209,1,0,634
507198,2021-02-24,37.781,2,0,489
507199,2021-07-27,9.421,0,0,792
507200,2021-05-13,34.941,1,0,972
507201,2021-11-30,64.837,1,3,847
507202,2021-04-06,16.183,1,1,1029
507203,2021-07-16,49.048,1,3,599
507204,2021-08-29,34.092,2,2,893
507205,2021-08-17,20.615,0,3,522
507206,2021-10-18,40.905,0,4,838
507207,2021-03-15,39.75,2,0,1076
507208,2021-07-05,61.399,1,0,870
507209,2021-10-20,28.041,1,0,1079
507210,2021-11-12,63.775,2,1,652
507211,2021-08-14,36.165,0,1,736
507212,2021-08-26,40.396,1,0,615
507213,2021-11-12,29.277,1,2,746
507214,2021-08-17,21.145,1,2,789
507215,2021-12-13,54.604,1,1,765
507216,2021-02-16,34.281,0,0,695
507217,2021-05-07,30.179,1,0,692
507218,2021-02-10,52.032,0,0,842
507219,2021-02-03,70.015,1,0,751
507220,2021-06-22,28.949,1,1,553
507221,2021-03-24,87.334,1,0,438
507222,2021-05-29,24.62,2,0,673
507223,2021-06-09,38.508,1,0,531
507224,2021-08-15,58.246,1,1,610
507225,2021-12-12,7.439,0,0,704
507226,2021-11-07,21.872,0,3,694
507227,2021-05-19,28.849,1,0,660
507228,2021-04-29,39.42,1,3,1114
507229,2021-10-09,41.516,1,0,553
507230,2021-02-15,13.346,1,0,998
507231,2021-07-17,30.182,1,4,681
507232,2021-06-04,20.812,1,1,642
507233,2021-03-08,26.963,1,1,866
507234,2021-08-14,30.461,2,1,678
507235,2021-04-28,38.375,0,0,635
507236,2021-03-09,33.4,1,2,1062
507237,2021-08-27,35.326,0,0,385
507238,2021-03-05,26.739,0,2,696
507239,2021-09-03,39.223,0,3,754
507240,2021-03-01,23.094,1,2,993
507241,2021-06-08,35.461,0,1,688
507242,2021-10-22,24.864,2,1,1239
507243,2021-03-25,33.993,1,0,917
507244,2021-10-08,38.191,1,0,354
507245,2021-09-21,22.749,1,2,478
507246,2021-11-26,33.465,2,1,803
507247,2021-03-03,29.613,0,0,574
507248,2021-09-19,101.94,0,2,839
507249,2021-12-08,38.652,1,0,698
507250,2021-10-06,40.463,2,2,525
507251,2021-03-10,26.923,0,2,566
507252,2021-10-28,11.222,1,0,933
507253,2021-02-09,27.157,1,0,416
507254,2021-08-03,17.515,2,1,948
507255,2021-07-01,39.383,1,0,973
507256,2021-07-13,39.138,2,4,650
507257,2021-07-09,37.952,1,0,527
507258,2021-01-12,31.77,0,0,880
507259,2021-07-05,23.845,1,0,692
507260,2021-12-08,24.373,1,2,467
507261,2021-06-09,50.567,1,1,1104
507262,2021-04-12,82.938,0,2,581
507263,2021-12-30,37.409,0,3,455
507264,2021-02-06,46.861,1,1,811
507265,2021-06-27,83.753,1,0,768
507266,2021-07-07,32.604,0,0,1048
507267,2021-06-24,26.22,1,2,672
507268,2021-12-03,40.998,1,0,713
507269,2021-06-03,70.741,1,3,780
507270,2021-12-22,56.59,1,3,756
507271,2021-01-25,43.94,1,1,801
507272,2021-09-25,15.434,1,1,809
507273,2021-08-05,17.419,2,3,750
507274,2021-03-29,39.835,1,2,665
507275,2021-03-25,36.114,0,1,910
507276,2021-09-20,33.515,1,0,715
507277,2021-08-21,55.874,1,0,925
507278,2021-08-12,19.87,2,0,1030
507279,2021-01-19,25.624,1,3,598
507280,2021-08-07,61.273,1,1,1193
507281,2021-12-25,18.539,1,2,612
507282,2021-01-07,70.121,1,0,653
507283,2021-06-21,40.2,1,2,837
507284,2021-06-30,33.07,0,0,859
507285,2021-11-24,36.229,2,1,773
507286,2021-04-14,41.316,1,0,927
507287,2021-06-23,53.234,2,3,765
507288,2021-09-19,17.644,1,1,1132
507289,2021-01-23,58.791,0,0,770
507290,2021-10-20,39.08,1,0,626
507291,2021-10-28,58.769,1,0,681
507292,2021-09-20,51.075,2,0,865
507293,2021-08-25,110.417,1,0,867
507294,2021-09-30,29.413,1,0,817
507295,2021-10-13,72.455,1,0,627
507296,2021-11-26,23.747,0,0,980
507297,2021-06-06,46.993,1,1,1109
507298,2021-06-16,56.44,1,0,785
507299,2021-08-21,41.812,2,0,1106
507300,2021-03-12,13.561,1,2,896
507301,2021-11-09,36.86,1,0,1179
507302,2021-10-09,29.747,2,1,845
507303,2021-08-19,52.491,2,3,745
507304,2021-04-21,21.66,1,2,892
507305,2021-05-07,27.383,0,0,702
507306,2021-06-08,24.56,1,0,853
507307,2021-08-30,30.695,0,2,980
507308,2021-10-11,35.641,2,2,888
507309,2021-09-03,45.269,2,0,774
507310,2021-12-06,44.579,1,1,796
507311,2021-12-17,18.329,2,2,876
507312,2021-09-15,26.114,1,2,870
507313,2021-05-16,26.88,0,0,915
507314,2021-08-07,30.798,1,0,841
507315,2021-06-05,22.517,2,0,632
507316,2021-08-18,24.976,2,0,660
507317,2021-10-24,65.918,1,1,843
507318,2021-05-15,38.196,2,0,930
507319,2021-07-04,21.284,1,0,906
507320,2021-01-17,41.899,1,0,658
507321,2021-09-26,29.351,1,2,713
507322,2021-06-28,78.758,1,2,529
507323,2021-06-17,25.826,1,2,490
507324,2021-07-14,27.993,1,3,735
507325,2021-03-20,28.228,2,3,964
507326,2021-08-07,21.289,2,0,798
507327,2021-09-29,51.431,1,0,1123
507328,2021-05-08,35.025,0,2,710
507329,2021-02-17,42.845,1,1,766
507330,2021-05-22,35.45,1,0,602
507331,2021-03-14,37.525,1,4,647
507332,2021-05-17,72.628,1,0,566
507333,2021-08-17,44.783,0,3,442
507334,2021-02-11,15.914,0,1,549
507335,2021-09-30,40.28,1,0,795
507336,2021-03-23,57.975,2,2,607
507337,2021-11-23,12.092,1,2,650
507338,2021-09-25,20.095,0,1,834
507339,2021-04-10,48.189,1,1,481
507340,2021-07-25,54.177,2,0,795
507341,2021-02-10,38.966,2,0,933
507342,2021-02-06,42.607,2,0,948
507343,2021-12-15,64.844,2,0,873
507344,2021-10-20,28.5,1,0,771
507345,2021-02-26,23.595,2,0,668
507346,2021-04-14,31.25,2,0,765
507347,2021-03-14,39.786,1,1,1058
507348,2021-05-25,45.125,0,0,829
507349,2021-04-17,49.544,1,0,761
507350,2021-04-30,71.836,1,3,821
507351,2021-07-13,39.175,1,4,719
507352,2021-03-11,23.135,1,2,781
507353,2021-11-19,29.667,0,0,736
507354,2021-09-23,37.979,1,1,685
507355,2021-10-05,66.975,2,0,959
507356,2021-03-03,49.357,0,1,409
507357,2021-09-16,22.747,2,3,806
507358,2021-11-02,29.851,1,0,694
507359,2021-03-05,29.76,0,3,377
507360,2021-10-02,37.05,1,1,585
507361,2021-05-11,30.964,2,0,774
507362,2021-10-15,23.085,1,0,798
507363,2021-06-24,24.449,2,2,873
507364,2021-10-20,34.871,2,0,925
507365,2021-02-23,38.461,2,0,502
507366,2021-05-23,23.275,1,0,848
507367,2021-04-10,39.232,0,3,851
507368,2021-04-01,91.838,2,0,819
507369,2021-04-23,44.198,1,3,810
507370,2021-05-20,38.349,1,1,412
507371,2021-02-16,18.882,2,0,602
507372,2021-09-16,48.763,1,0,1026
507373,2021-07-20,27.222,1,2,690
507374,2021-10-30,56.663,1,0,1180
507375,2021-09-15,78.732,2,0,550
507376,2021-02-24,26.582,1,0,1061
507377,2021-01-26,26.412,0,2,630
507378,2021-06-04,46.739,1,1,915
507379,2021-06-25,19.761,1,0,727
507380,2021-03-29,36.598,2,0,801
507381,2021-10-13,31.65,2,0,887
507382,2021-08-01,33.083,2,2,630
507383,2021-10-01,14.101,1,0,924
507384,2021-02-09,53.578,2,4,662
507385,2021-10-25,106.768,0,2,772
507386,2021-03-17,29.046,1,0,304
507387,2021-06-13,17.764,2,3,659
507388,2021-06-10,52.698,0,1,987
507389,2021-10-27,22.943,2,1,885
507390,2021-04-12,35.483,1,0,940
507391,2021-03-29,24.669,0,3,730
507392,2021-05-04,18.399,1,0,1082
507393,2021-05-12,45.125,0,2,792
507394,2021-03-08,25.661,1,0,661
507395,2021-03-06,17.045,2,0,934
507396,2021-03-26,38.723,2,3,886
507397,2021-06-20,127.468,2,0,893
507398,2021-05-06,52.552,2,0,707
507399,2021-05-24,40.386,1,2,791
507400,2021-09-20,141.148,1,0,1031
507401,2021-03-29,15.392,1,3,806
507402,2021-11-29,43.981,0,3,454
507403,2021-10-02,79.832,2,0,667
507404,2021-03-05,21.448,1,1,638
507405,2021-04-25,40.087,1,4,574
507406,2021-03-08,30.69,2,3,340
507407,2021-04-10,30.042,1,0,1120
507408,2021-05-14,42.938,1,1,602
507409,2021-02-17,16.62,1,1,615
507410,2021-01-06,26.633,1,0,430
507411,2021-06-10,43.7,1,1,916
507412,2021-09-13,15.096,1,0,764
507413,2021-04-21,29.545,1,0,717
507414,2021-11-11,18.178,1,0,726
507415,2021-05-15,17.748,0,2,846
507416,2021-11-25,50.336,1,0,694
507417,2021-03-28,43.178,1,0,422
507418,2021-07-16,30.142,1,0,548
507419,2021-10-06,29.165,1,0,538
507420,2021-01-22,40.319,1,4,760
507421,2021-12-06,28.225,1,0,947
507422,2021-05-14,24.933,1,0,1044
507423,2021-07-01,54.364,1,3,426
507424,2021-08-18,27.323,1,0,892
507425,2021-08-23,76.546,1,0,669
507426,2021-01-09,26.723,1,2,1266
507427,2021-11-13,45.674,1,2,989
507428,2021-08-16,37.319,2,0,1086
507429,2021-12-31,43.671,2,1,904
507430,2021-06-22,40.674,1,1,829
507431,2021-08-12,50.695,0,1,688
507432,2021-06-10,67.356,1,0,672
507433,2021-11-21,27.879,1,2,596
507434,2021-10-31,69.764,0,1,871
507435,2021-11-28,36.509,1,1,1041
507436,2021-07-04,15.024,1,3,656
507437,2021-10-16,48.06,1,2,610
507438,2021-05-11,51.314,0,2,473
507439,2021-06-18,41.686,0,0,824
507440,2021-10-05,30.046,1,0,1001
507441,2021-01-30,27.524,0,1,990
507442,2021-09-17,26.203,1,0,1028
507443,2021-01-06,38.471,1,1,835
507444,2021-07-31,32.491,1,1,776
507445,2021-06-24,22.314,1,1,991
507446,2021-06-21,31.142,1,0,580
507447,2021-06-30,24.052,1,3,641
507448,2021-06-29,27.178,1,1,1068
507449,2021-05-29,56.905,1,0,587
507450,2021-06-14,20.615,1,1,754
507451,2021-07-27,40.583,1,0,894
507452,2021-10-06,28.826,1,1,775
507453,2021-07-21,42.892,1,0,987
507454,2021-08-23,23.535,0,1,1035
507455,2021-11-02,31.682,0,0,866
507456,2021-12-28,23.759,1,0,1030
507457,2021-02-09,39.879,2,0,613
507458,2021-09-18,15.829,1,0,752
507459,2021-03-24,32.479,1,3,1153
507460,2021-03-13,18.89,1,2,1090
507461,2021-10-17,26.775,0,0,550
507462,2021-01-26,34.808,2,0,778
507463,2021-11-06,48.535,2,2,764
507464,2021-10-09,16.293,1,0,855
507465,2021-12-30,17.465,0,0,1009
507466,2021-09-01,61.452,2,0,1111
507467,2021-11-15,28.874,0,1,767
507468,2021-02-13,15.088,0,4,912
507469,2021-11-21,33.452,1,0,897
507470,2021-02-28,25.859,1,3,716
507471,2021-04-25,27.069,1,2,434
507472,2021-02-16,38.502,1,4,893
507473,2021-05-27,15.872,2,2,849
507474,2021-10-01,34.679,2,2,810
507475,2021-04-08,28.663,1,1,583
507476,2021-10-28,39.044,1,2,1093
507477,2021-08-10,51.734,2,0,807
507478,2021-08-18,65.855,1,1,555
507479,2021-12-09,72.041,2,1,526
507480,2021-06-07,14.652,0,0,902
507481,2021-05-06,40.613,0,0,907
507482,2021-12-30,48.914,1,0,697
507483,2021-07-23,26.516,1,0,863
507484,2021-08-13,34.082,2,0,900
507485,2021-04-19,64.649,0,0,805
507486,2021-03-20,31.419,2,0,654
507487,2021-03-03,64.93,1,1,933
507488,2021-03-23,33.653,1,0,931
507489,2021-03-13,43.585,1,0,882
507490,2021-09-30,53.809,1,0,630
507491,2021-01-22,21.713,1,0,540
507492,2021-08-18,41.78,2,0,794
507493,2021-12-13,28.581,0,4,877
507494,2021-10-07,61.353,1,0,967
507495,2021-05-28,30.056,1,0,885
507496,2021-01-22,30.475,1,1,679
507497,2021-11-01,27.354,0,2,595
507498,2021-01-02,33.923,1,0,777
507499,2021-09-06,45.778,2,0,779
507500,2021-09-02,36.641,1,1,959
507501,2021-03-12,94.33,1,0,694
507502,2021-09-28,29.386,1,0,709
507503,2021-03-06,23.601,1,4,1080
507504,2021-03-24,38.199,1,4,989
507505,2021-10-24,48.826,1,1,601
507506,2021-12-24,19.709,1,0,1044
507507,2021-04-07,64.352,2,1,558
507508,2021-12-03,30.247,1,3,642
507509,2021-11-30,69.186,1,3,662
507510,2021-10-08,63.79,0,0,766
507511,2021-02-21,47.125,0,0,892
507512,2021-04-20,34.659,0,0,799
507513,2021-09-05,21.756,1,2,851
507514,2021-12-31,26.349,1,0,708
507515,2021-10-25,22.213,1,0,847
507516,2021-06-03,20.097,1,0,794
507517,2021-03-27,39.83,2,0,530
507518,2021-12-17,40.493,1,3,807
507519,2021-04-11,17.896,1,0,797
507520,2021-05-05,26.693,2,0,651
507521,2021-12-19,24.795,0,1,684
507522,2021-07-25,68.775,1,1,688
507523,2021-04-07,13.898,1,1,716
507524,2021-01-02,77.253,1,2,1057
507525,2021-06-06,45.446,2,0,1156
507526,2021-12-26,11.056,1,0,289
507527,2021-06-07,27.014,0,0,868
507528,2021-09-13,43.643,1,1,932
507529,2021-04-03,25.74,1,3,681
507530,2021-10-11,29.404,0,0,947
507531,2021-10-11,95.503,0,2,1038
507532,2021-08-11,30.399,2,1,513
507533,2021-10-09,22.155,1,4,734
507534,2021-07-31,52.853,1,0,1132
507535,2021-05-19,21.177,1,0,557
507536,2021-09-27,44.702,2,2,719
507537,2021-11-01,44.613,1,2,659
507538,2021-11-03,83.632,1,1,949
507539,2021-03-19,41.336,1,2,954
507540,2021-09-04,31.502,1,0,809
507541,2021-01-02,33.44,2,1,766
507542,2021-07-28,91.608,0,0,471
507543,2021-07-28,37.085,1,0,1036
507544,2021-05-13,31.79,1,0,716
507545,2021-12-29,40.002,2,0,754
507546,2021-11-19,51.67,1,0,955
507547,2021-01-15,28.629,1,1,796
507548,2021-03-18,21.324,1,3,901
507549,2021-03-17,26.65,1,0,889
507550,2021-11-24,23.502,2,0,817
507551,2021-07-09,39.248,0,0,836
507552,2021-09-24,26.554,1,0,578
507553,2021-10-23,32.286,1,0,753
507554,2021-10-08,33.347,0,1,955
507555,2021-02-02,36.31,1,3,558
507556,2021-02-21,22.691,2,0,651
507557,2021-05-25,76.819,0,1,602
507558,2021-05-04,64.401,1,1,788
507559,2021-09-30,45.956,2,0,1032
507560,2021-02-27,46.309,0,0,878
507561,2021-05-16,21.626,0,0,388
507562,2021-03-28,26.913,1,0,897
507563,2021-03-10,27.44,2,3,640
507564,2021-03-05,18.465,1,0,872
507565,2021-03-13,29.525,2,0,753
507566,2021-07-25,100.215,2,0,625
507567,2021-05-30,36.722,1,0,767
507568,2021-06-08,77.614,0,3,641
507569,2021-06-24,69.657,0,0,835
507570,2021-09-28,24.05,1,1,601
507571,2021-11-11,36.643,1,0,578
507572,2021-07-12,35.623,1,0,912
507573,2021-08-23,53.233,2,0,980
507574,2021-09-27,41.952,1,3,824
507575,2021-09-09,76.287,1,0,663
507576,2021-02-19,39.172,1,1,627
507577,2021-12-25,49.495,1,0,657
507578,2021-03-02,27.526,1,1,920
507579,2021-05-31,19.014,2,1,611
507580,2021-08-27,48.286,1,1,919
507581,2021-05-28,37.417,1,0,895
507582,2021-03-30,45.41,1,0,1003
507583,2021-12-04,66.116,1,3,911
507584,2021-01-27,41.537,0,1,858
507585,2021-03-31,57.28,2,0,516
507586,2021-12-29,64.462,1,0,890
507587,2021-09-24,32.753,1,0,801
507588,2021-02-01,26.721,1,0,713
507589,2021-10-03,85.255,1,0,1025
507590,2021-12-20,49.768,1,0,753
507591,2021-02-05,39.828,2,0,685
507592,2021-06-01,23.624,1,1,962
507593,2021-06-20,39.083,1,3,647
507594,2021-02-17,42.511,1,1,656
507595,2021-03-15,27.087,1,0,577
507596,2021-03-05,49.261,2,2,592
507597,2021-03-09,35.099,0,0,648
507598,2021-05-28,12.545,1,1,872
507599,2021-06-19,27.65,2,0,597
507600,2021-03-28,63.463,1,0,446
507601,2021-04-16,24.549,0,1,815
507602,2021-03-12,107.038,0,0,666
507603,2021-10-18,45.59,2,1,757
507604,2021-03-19,112.464,1,1,991
507605,2021-11-28,21.314,1,0,793
507606,2021-07-16,20.304,0,0,1052
507607,2021-10-20,30.454,1,1,748
507608,2021-08-21,23.729,1,1,941
507609,2021-04-08,31.902,1,2,641
507610,2021-08-08,78.047,0,0,799
507611,2021-04-11,34.018,1,2,572
507612,2021-02-13,17.101,2,0,633
507613,2021-04-03,40.086,1,0,740
507614,2021-04-11,64.739,1,1,521
507615,2021-02-19,18.044,0,0,809
507616,2021-01-09,19.475,1,0,726
507617,2021-12-11,35.891,1,0,822
507618,2021-07-07,20.012,1,2,504
507619,2021-05-27,31.486,2,3,846
507620,2021-12-06,64.92,1,3,1026
507621,2021-03-24,29.532,0,0,1048
507622,2021-05-28,43.006,2,0,1123
507623,2021-11-06,44.831,0,2,748
507624,2021-08-19,24.493,1,0,717
507625,2021-05-26,21.771,0,0,868
507626,2021-04-04,54.765,2,0,737
507627,2021-01-13,42.876,2,1,447
507628,2021-02-01,37.259,1,1,907
507629,2021-03-01,34.445,1,0,738
507630,2021-10-15,39.785,1,0,516
507631,2021-08-22,38.953,1,1,669
507632,2021-06-08,21.945,1,1,722
507633,2021-10-13,42.956,1,0,782
507634,2021-02-28,26.185,0,0,784
507635,2021-03-18,98.04,1,3,966
507636,2021-05-24,48.44,1,1,528
507637,2021-12-01,40.534,1,1,733
507638,2021-08-13,22.766,1,1,602
507639,2021-11-07,55.798,0,3,946
507640,2021-04-01,28.276,1,0,679
507641,2021-11-06,45.95,1,0,718
507642,2021-01-27,25.909,1,0,969
507643,2021-03-25,17.135,1,2,978
507644,2021-07-10,81.758,1,0,1045
507645,2021-01-19,45.421,0,0,484
507646,2021-11-10,29.343,1,0,867
507647,2021-11-13,82.16,0,1,809
507648,2021-07-17,39.808,0,1,751
507649,2021-04-22,57.299,1,0,792
507650,2021-02-06,16.782,1,0,1011
507651,2021-08-14,34.945,0,2,927
507652,2021-07-16,30.692,1,0,941
507653,2021-10-05,23.585,2,1,797
507654,2021-08-08,27.743,2,0,1189
507655,2021-02-16,37.386,1,3,648
507656,2021-02-14,32.358,2,0,489
507657,2021-10-13,32.684,2,1,712
507658,2021-02-28,28.648,0,0,790
507659,2021-12-09,57.06,1,0,1015
507660,2021-02-08,20.388,1,1,668
507661,2021-09-23,45.115,0,1,848
507662,2021-12-22,26.601,1,2,474
507663,2021-06-11,28.117,1,1,955
507664,2021-01-21,15.114,0,1,772
507665,2021-11-16,34.693,1,2,689
507666,2021-03-10,27.348,1,0,1164
507667,2021-07-12,36.531,0,3,913
507668,2021-12-26,143.713,0,0,593
507669,2021-09-29,35.934,0,0,760
507670,2021-01-17,40.172,1,2,1233
507671,2021-10-27,24.601,1,0,1136
507672,2021-02-28,37.85,2,0,946
507673,2021-10-01,31.608,2,0,448
507674,2021-08-15,23.56,0,0,1020
507675,2021-04-16,23.699,2,1,646
507676,2021-06-04,44.626,1,0,1018
507677,2021-02-13,25.855,1,0,650
507678,2021-12-27,22.9,1,0,868
507679,2021-03-28,63.348,1,0,665
507680,2021-04-23,81.51,2,0,715
507681,2021-07-03,21.886,0,0,892
507682,2021-09-03,63.192,2,2,503
507683,2021-07-04,19.127,1,1,1187
507684,2021-07-04,22.23,0,0,595
507685,2021-08-01,20.257,1,0,585
507686,2021-11-10,27.926,0,0,893
507687,2021-05-25,34.971,1,0,1013
507688,2021-10-31,19.878,0,0,722
507689,2021-10-15,27.885,1,3,527
507690,2021-12-17,27.442,0,1,594
507691,2021-11-30,38.852,2,0,595
507692,2021-10-19,36.765,1,0,835
507693,2021-04-01,66.646,1,1,747
507694,2021-10-10,14.669,0,3,797
507695,2021-09-26,58.204,1,0,846
507696,2021-04-16,65.41,0,2,888
507697,2021-09-05,28.255,1,0,706
507698,2021-04-03,30.196,1,1,627
507699,2021-07-10,41.736,2,0,808
507700,2021-10-18,56.083,1,1,750
507701,2021-03-10,13.875,2,0,826
507702,2021-05-03,26.969,0,0,652
507703,2021-10-18,50.949,1,1,876
507704,2021-06-15,37.875,1,1,548
507705,2021-12-17,37.139,1,1,681
507706,2021-01-03,15.952,2,0,983
507707,2021-09-21,32.952,0,1,556
507708,2021-10-25,29.324,1,0,969
507709,2021-12-02,23.892,1,1,506
507710,2021-02-27,64.445,2,0,495
507711,2021-12-26,28.079,2,0,511
507712,2021-05-24,23.79,1,0,801
507713,2021-05-09,77.863,0,3,851
507714,2021-05-10,50.735,1,1,993
507715,2021-08-21,37.609,1,0,998
507716,2021-08-29,40.087,2,1,915
507717,2021-06-22,25.833,0,0,630
507718,2021-01-26,23.991,1,0,629
507719,2021-12-27,21.259,2,0,922
507720,2021-03-23,29.495,0,2,996
507721,2021-02-04,17.162,0,3,534
507722,2021-08-07,57.169,0,3,953
507723,2021-05-31,25.843,0,0,434
507724,2021-08-13,52.999,1,0,850
507725,2021-11-16,24.254,1,2,721
507726,2021-02-05,42.891,1,0,743
507727,2021-04-14,18.965,0,1,766
507728,2021-07-08,26.247,1,4,556
507729,2021-10-15,31.183,1,0,860
507730,2021-08-08,39.156,1,0,791
507731,2021-05-20,19.475,0,2,908
507732,2021-08-11,70.609,0,1,1046
507733,2021-12-24,40.589,0,3,743
507734,2021-06-25,34.653,0,1,613
507735,2021-11-19,18.182,2,0,575
507736,2021-10-12,39.33,0,2,1046
507737,2021-04-20,57.815,1,2,1023
507738,2021-04-02,21.186,1,3,880
507739,2021-10-09,26.652,2,0,791
507740,2021-03-17,31.079,2,0,927
507741,2021-05-03,35.548,1,0,1015
507742,2021-03-27,22.759,1,0,669
507743,2021-08-10,39.73,1,4,715
507744,2021-04-18,58.615,2,4,511
507745,2021-08-29,33.86,0,0,757
507746,2021-12-08,22.591,1,3,998
507747,2021-10-30,21.782,1,0,974
507748,2021-12-13,101.94,1,2,764
507749,2021-01-09,29.264,2,1,275
507750,2021-06-16,50.765,2,1,642
507751,2021-03-22,17.373,1,1,778
507752,2021-12-02,25.388,1,1,721
507753,2021-09-17,55.669,2,2,746
507754,2021-04-27,23.526,1,0,824
507755,2021-07-25,24.342,1,2,644
507756,2021-08-09,48.703,1,0,779
507757,2021-06-30,25.993,1,0,753
507758,2021-06-23,45.562,1,1,633
507759,2021-01-21,29.266,1,2,1072
507760,2021-06-15,32.398,1,3,634
507761,2021-05-08,46.845,2,0,374
507762,2021-10-26,28.438,1,0,1101
507763,2021-11-12,19.873,1,0,628
507764,2021-10-01,27.871,1,3,882
507765,2021-01-12,22.359,1,4,587
507766,2021-11-04,26.061,1,2,842
507767,2021-05-25,40.048,1,0,771
507768,2021-06-01,34.367,1,2,920
507769,2021-12-11,52.553,0,0,742
507770,2021-11-13,23.852,1,3,602
507771,2021-01-19,36.42,2,1,806
507772,2021-05-12,64.747,2,0,711
507773,2021-10-01,41.301,1,1,413
507774,2021-07-16,52.445,0,2,632
507775,2021-04-05,34.112,2,0,1296
507776,2021-07-11,50.24,2,0,452
507777,2021-11-13,32.854,1,1,803
507778,2021-03-23,21.243,1,3,676
507779,2021-09-30,47.728,1,1,1091
507780,2021-09-26,41.303,2,0,580
507781,2021-11-20,43.07,0,1,778
507782,2021-04-19,21.705,0,0,904
507783,2021-03-20,72.578,2,0,748
507784,2021-07-19,50.033,1,0,642
507785,2021-07-13,26.305,1,0,776
507786,2021-05-30,66.358,0,0,724
507787,2021-10-12,64.773,1,0,724
507788,2021-10-19,32.907,1,0,948
507789,2021-03-31,24.282,1,1,833
507790,2021-10-18,43.265,1,0,879
507791,2021-03-26,37.28,2,0,839
507792,2021-05-29,111.662,2,0,953
507793,2021-01-10,22.204,0,2,975
507794,2021-05-05,71.437,0,2,688
507795,2021-12-16,27.68,1,0,928
507796,2021-06-11,32.133,1,1,527
507797,2021-09-17,23.485,2,2,334
507798,2021-02-09,37.657,1,1,1089
507799,2021-08-20,27.958,2,0,720
507800,2021-05-16,32.395,1,0,825
507801,2021-09-29,19.829,1,0,559
507802,2021-12-05,14.245,1,0,551
507803,2021-07-14,31.583,1,0,652
507804,2021-02-07,61.012,1,3,836
507805,2021-06-23,37.114,1,0,687
507806,2021-02-14,30.722,1,0,720
507807,2021-06-14,116.567,0,4,576
507808,2021-01-23,12.525,0,1,970
507809,2021-08-22,39.618,0,0,936
507810,2021-04-24,22.783,1,3,633
507811,2021-03-15,35.574,1,0,903
507812,2021-01-07,28.69,2,0,736
507813,2021-11-21,25.765,0,0,719
507814,2021-11-02,42.633,2,0,771
507815,2021-10-24,33.621,1,2,856
507816,2021-01-22,28.934,2,0,619
507817,2021-05-08,18.335,1,2,830
507818,2021-12-21,52.676,1,0,1230
507819,2021-07-31,35.065,0,3,753
507820,2021-02-16,20.015,1,0,786
507821,2021-02-21,16.204,1,3,705
507822,2021-04-07,40.602,1,0,866
507823,2021-12-21,29.362,2,3,430
507824,2021-03-03,36.822,2,2,1046
507825,2021-11-26,126.644,0,1,937
507826,2021-09-05,58.597,1,0,664
507827,2021-12-03,34.965,1,1,766
507828,2021-10-29,16.678,2,1,660
507829,2021-05-02,73.908,1,1,814
507830,2021-10-30,36.775,2,1,771
507831,2021-03-03,101.663,1,3,761
507832,2021-04-17,24.916,1,4,525
507833,2021-03-19,19.521,0,0,693
507834,2021-02-18,76.903,0,0,986
507835,2021-02-02,37.084,1,0,684
507836,2021-03-10,64.246,1,1,284
507837,2021-02-13,20.141,2,4,683
507838,2021-05-19,20.027,1,0,1214
507839,2021-01-27,22.018,1,0,933
507840,2021-01-23,10.017,1,0,675
507841,2021-12-28,28.49,0,0,771
507842,2021-02-02,15.517,1,4,832
507843,2021-01-28,38.037,0,1,444
507844,2021-01-11,33.512,1,0,626
507845,2021-02-18,23.386,0,0,852
507846,2021-07-12,50.511,1,0,1067
507847,2021-10-29,38.346,1,1,681
507848,2021-09-26,61.677,0,1,1042
507849,2021-07-31,80.364,1,0,644
507850,2021-02-01,43.546,1,0,180
507851,2021-10-10,39.179,2,3,854
507852,2021-01-14,44.604,2,2,837
507853,2021-08-19,87.512,1,1,893
507854,2021-05-30,19.121,2,0,905
507855,2021-11-18,27.093,0,4,745
507856,2021-04-23,18.229,0,1,713
507857,2021-08-22,29.967,1,3,680
507858,2021-06-10,27.935,2,0,697
507859,2021-07-10,28.96,0,0,708
507860,2021-12-09,42.23,2,0,454
507861,2021-09-18,44.294,0,2,521
507862,2021-06-01,40.042,1,1,731
507863,2021-06-13,47.559,2,0,377
507864,2021-09-15,92.362,1,4,349
507865,2021-05-07,39.913,1,3,660
507866,2021-03-03,21.487,1,0,757
507867,2021-06-20,24.978,1,1,704
507868,2021-01-25,24.139,2,1,332
507869,2021-03-03,68.159,1,0,1059
507870,2021-06-03,29.304,1,1,501
507871,2021-10-18,25.204,0,0,633
507872,2021-10-13,23.021,1,3,493
507873,2021-04-06,25.156,0,2,974
507874,2021-06-04,26.511,1,3,796
507875,2021-02-26,24.32,1,2,655
507876,2021-10-03,61.466,2,0,682
507877,2021-03-31,30.677,2,0,812
507878,2021-10-19,34.422,1,1,536
507879,2021-11-04,48.994,2,0,849
507880,2021-09-09,51.694,2,1,661
507881,2021-05-01,30.589,1,0,874
507882,2021-12-14,60.207,1,0,867
507883,2021-09-08,34.63,2,0,673
507884,2021-08-24,27.37,1,1,391
507885,2021-11-09,52.742,1,0,736
507886,2021-11-18,49.174,1,1,499
507887,2021-01-29,39.946,0,0,794
507888,2021-11-18,29.14,0,2,694
507889,2021-10-07,35.675,1,1,654
507890,2021-03-17,28.005,0,1,527
507891,2021-04-23,32.768,2,0,994
507892,2021-10-02,29.832,2,0,698
507893,2021-03-21,40.231,1,0,1204
507894,2021-06-15,84.505,0,1,766
507895,2021-09-09,32.332,1,0,843
507896,2021-08-26,50.301,1,2,747
507897,2021-11-29,41.759,0,2,801
507898,2021-02-10,58.657,1,0,977
507899,2021-04-18,89.991,0,2,939
507900,2021-12-26,33.219,1,1,442
507901,2021-07-27,19.247,2,0,934
507902,2021-04-01,19.357,2,1,849
507903,2021-04-16,54.527,0,4,716
507904,2021-05-04,48.182,0,0,1088
507905,2021-07-22,21.945,1,0,1095
507906,2021-04-14,85.23,0,1,923
507907,2021-08-15,28.814,1,0,682
507908,2021-06-12,31.287,1,1,545
507909,2021-08-11,31.294,1,1,896
507910,2021-02-26,70.869,1,2,985
507911,2021-08-16,23.562,1,0,415
507912,2021-12-04,76.675,1,0,976
507913,2021-02-19,45.517,1,2,694
507914,2021-04-30,64.707,2,0,454
507915,2021-09-11,46.928,2,0,864
507916,2021-08-14,42.235,1,0,944
507917,2021-09-04,47.88,1,0,717
507918,2021-07-24,36.507,1,0,590
507919,2021-09-07,23.94,1,0,1088
507920,2021-08-11,48.081,1,1,640
507921,2021-01-28,32.837,0,1,969
507922,2021-10-02,59.935,1,3,448
507923,2021-06-13,68.928,0,2,815
507924,2021-01-19,45.516,2,0,850
507925,2021-05-30,53.01,1,0,937
507926,2021-06-08,42.822,0,2,1009
507927,2021-02-01,43.875,1,0,634
507928,2021-12-30,27.114,2,0,874
507929,2021-03-23,46.265,1,0,534
507930,2021-05-01,43.62,1,1,512
507931,2021-06-10,39.237,1,0,676
507932,2021-10-31,40.761,1,0,854
507933,2021-09-29,44.625,2,0,1082
507934,2021-10-09,90.137,1,2,1075
507935,2021-03-28,42.048,0,0,716
507936,2021-11-05,48.45,1,1,815
507937,2021-10-30,35.505,1,0,950
507938,2021-06-19,46.05,0,0,918
507939,2021-07-19,28.403,2,0,749
507940,2021-01-14,32.22,0,0,794
507941,2021-10-05,29.148,1,0,760
507942,2021-12-17,21.643,0,3,682
507943,2021-06-22,37.303,1,0,719
507944,2021-07-17,22.916,2,3,698
507945,2021-07-02,21.764,1,0,707
507946,2021-01-31,93.112,0,0,576
507947,2021-08-15,71.622,2,1,915
507948,2021-09-21,87.502,1,2,833
507949,2021-12-05,34.477,1,0,1118
507950,2021-12-06,35.685,0,0,847
507951,2021-06-29,43.551,2,1,685
507952,2021-12-17,49.778,1,0,667
507953,2021-07-12,31.377,0,1,769
507954,2021-08-23,25.007,1,2,840
507955,2021-08-08,47.5,0,0,736
507956,2021-12-31,21.31,0,2,475
507957,2021-09-27,46.744,1,0,647
507958,2021-02-13,31.405,1,3,723
507959,2021-01-27,55.847,1,4,843
507960,2021-05-30,66.743,1,1,493
507961,2021-07-08,54.432,1,4,758
507962,2021-09-02,19.795,0,2,780
507963,2021-06-25,18.277,1,0,699
507964,2021-07-07,20.556,1,0,674
507965,2021-12-03,35.228,2,0,647
507966,2021-05-03,19.475,1,0,805
507967,2021-06-30,41.746,1,1,963
507968,2021-07-23,26.315,0,0,996
507969,2021-06-20,27.898,0,1,558
507970,2021-12-20,41.381,1,0,746
507971,2021-12-18,43.328,1,0,385
507972,2021-07-07,24.59,0,0,800
507973,2021-06-14,29.912,0,4,818
507974,2021-08-03,41.242,1,0,1063
507975,2021-03-08,34.105,1,0,458
507976,2021-06-05,32.816,1,0,584
507977,2021-03-21,47.766,2,4,736
507978,2021-02-22,23.456,2,0,489
507979,2021-02-04,61.98,2,1,791
507980,2021-08-03,93.211,0,0,892
507981,2021-01-01,36.955,2,0,549
507982,2021-08-24,30.137,1,1,784
507983,2021-06-07,19.215,0,1,542
507984,2021-05-14,29.463,1,1,1008
507985,2021-10-08,41.273,0,0,817
507986,2021-07-16,37.906,1,4,595
507987,2021-09-25,34.878,0,1,537
507988,2021-09-16,32.342,1,3,790
507989,2021-01-12,31.565,0,0,1024
507990,2021-03-20,35.149,1,0,641
507991,2021-07-28,25.065,1,0,701
507992,2021-12-23,41.742,2,2,605
507993,2021-02-26,38.305,1,1,1040
507994,2021-02-08,62.374,2,0,436
507995,2021-12-10,25.513,2,0,1011
507996,2021-12-19,48.694,1,0,712
507997,2021-03-03,51.015,1,0,767
507998,2021-05-27,30.647,1,2,679
507999,2021-08-17,25.925,2,0,823
508000,2021-03-13,71.85,2,0,649
508001,2021-04-30,21.16,1,0,971
508002,2021-05-25,25.005,2,0,978
508003,2021-08-23,21.604,1,4,533
508004,2021-04-23,26.6,1,0,900
508005,2021-05-31,30.534,1,3,656
508006,2021-04-16,78.591,1,1,769
508007,2021-10-05,28.06,1,1,1035
508008,2021-02-25,92.892,2,0,659
508009,2021-03-26,61.212,1,1,927
508010,2021-04-02,28.457,1,1,842
508011,2021-11-27,28.041,1,0,745
508012,2021-12-11,37.082,0,3,786
508013,2021-07-02,34.412,2,0,825
508014,2021-02-27,20.726,1,0,571
508015,2021-10-03,25.951,1,0,671
508016,2021-06-29,17.796,1,1,572
508017,2021-11-07,77.223,0,0,730
508018,2021-05-12,42.18,0,0,1022
508019,2021-12-31,34.746,0,0,885
508020,2021-10-22,25.896,2,0,522
508021,2021-03-23,27.232,2,0,731
508022,2021-09-22,18.264,2,2,782
508023,2021-04-15,37.665,1,0,914
508024,2021-05-08,48.144,1,3,603
508025,2021-04-02,68.661,0,1,537
508026,2021-09-07,50.477,1,2,730
508027,2021-04-06,47.544,1,3,822
508028,2021-08-22,57.95,2,0,822
508029,2021-08-01,37.921,2,1,601
508030,2021-10-02,18.183,2,0,1096
508031,2021-12-29,49.671,2,0,762
508032,2021-01-04,24.11,2,0,815
508033,2021-12-28,34.283,1,1,641
508034,2021-02-09,22.411,0,2,939
508035,2021-07-12,58.818,1,0,883
508036,2021-05-05,52.335,0,1,817
508037,2021-08-22,18.621,2,0,573
508038,2021-09-21,37.737,1,0,977
508039,2021-11-10,55.909,0,0,916
508040,2021-05-27,33.721,1,1,943
508041,2021-12-07,34.766,1,0,787
508042,2021-04-28,55.697,1,0,767
508043,2021-03-16,31.07,1,0,747
508044,2021-05-19,40.835,1,1,1170
508045,2021-07-12,48.848,1,2,642
508046,2021-09-01,22.915,1,0,566
508047,2021-10-31,24.936,1,1,693
508048,2021-03-24,16.532,2,1,664
508049,2021-04-21,101.01,0,0,1007
508050,2021-12-09,36.903,2,0,536
508051,2021-06-10,54.461,1,3,619
508052,2021-03-30,19.438,2,0,814
508053,2021-12-26,62.963,1,0,1008
508054,2021-06-13,28.542,2,2,868
508055,2021-12-26,63.735,0,2,1031
508056,2021-12-02,33.585,0,1,822
508057,2021-11-27,21.059,0,2,703
508058,2021-08-01,68.431,1,0,934
508059,2021-10-19,33.471,1,2,494
508060,2021-12-17,20.65,1,0,472
508061,2021-04-09,16.361,1,2,916
508062,2021-01-14,42.188,2,0,818
508063,2021-04-28,32.838,0,0,954
508064,2021-08-21,39.551,1,0,627
508065,2021-07-19,38.106,1,2,971
508066,2021-01-30,32.825,1,0,901
508067,2021-07-24,41.916,0,2,734
508068,2021-03-05,48.413,1,0,817
508069,2021-07-04,32.736,1,0,842
508070,2021-07-30,45.097,0,1,606
508071,2021-08-21,45.285,2,0,711
508072,2021-05-31,57.774,2,1,820
508073,2021-05-30,12.432,2,3,643
508074,2021-09-05,27.951,1,1,496
508075,2021-10-01,44.849,1,0,833
508076,2021-10-22,89.873,0,0,930
508077,2021-05-02,57.768,1,3,912
508078,2021-06-04,63.17,0,1,856
508079,2021-05-01,116.806,1,2,887
508080,2021-07-12,34.694,0,0,958
508081,2021-02-16,93.387,2,1,774
508082,2021-06-06,58.084,1,0,399
508083,2021-03-10,23.658,1,1,969
508084,2021-07-14,16.055,0,3,559
508085,2021-11-07,31.579,1,3,516
508086,2021-12-26,47.132,2,0,581
508087,2021-06-12,30.44,0,2,1187
508088,2021-01-21,36.904,1,0,859
508089,2021-03-25,82.931,1,0,593
508090,2021-02-08,36.442,1,1,637
508091,2021-10-05,84.719,2,0,780
508092,2021-12-26,58.702,2,0,878
508093,2021-07-22,54.785,1,1,810
508094,2021-03-06,33.229,1,1,593
508095,2021-01-08,34.538,1,1,817
508096,2021-12-23,40.722,1,0,670
508097,2021-04-26,35.348,2,1,948
508098,2021-02-10,46.909,1,0,790
508099,2021-03-06,64.442,1,0,643
508100,2021-04-04,100.709,2,0,904
508101,2021-08-28,31.641,2,1,829
508102,2021-11-22,36.027,1,0,695
508103,2021-04-11,54.055,1,0,911
508104,2021-09-08,35.95,1,3,833
508105,2021-01-24,18.188,0,2,956
508106,2021-01-04,51.051,2,1,888
508107,2021-01-21,24.613,0,2,701
508108,2021-12-03,35.229,0,3,416
508109,2021-08-01,77.435,1,1,794
508110,2021-10-21,48.081,1,0,842
508111,2021-01-08,48.735,0,1,769
508112,2021-01-09,63.144,1,3,180
508113,2021-11-06,34.772,1,1,882
508114,2021-02-07,40.828,1,0,616
508115,2021-02-26,31.335,1,3,843
508116,2021-07-09,46.407,0,2,1046
508117,2021-08-10,19.224,2,0,734
508118,2021-03-25,23.476,2,4,789
508119,2021-06-12,42.247,1,1,766
508120,2021-09-04,46.349,1,2,835
508121,2021-06-11,79.965,1,3,739
508122,2021-05-20,22.241,2,0,687
508123,2021-01-27,33.321,0,2,577
508124,2021-06-14,39.262,1,0,1066
508125,2021-10-21,20.444,1,2,819
508126,2021-08-17,27.285,0,3,869
508127,2021-11-22,15.29,1,2,812
508128,2021-02-16,50.913,2,2,916
508129,2021-01-05,23.878,0,2,579
508130,2021-07-20,70.425,0,0,795
508131,2021-03-07,49.884,1,0,871
508132,2021-08-05,32.097,1,0,1013
508133,2021-11-26,22.8,0,2,1221
508134,2021-05-04,47.69,2,1,833
508135,2021-07-20,31.836,1,1,641
508136,2021-09-06,44.614,1,0,565
508137,2021-02-24,60.028,1,1,597
508138,2021-11-24,28.339,0,0,641
508139,2021-03-16,27.359,0,4,188
508140,2021-10-23,57.949,1,2,618
508141,2021-08-29,65.439,1,0,909
508142,2021-02-21,22.216,2,2,754
508143,2021-09-22,22.794,1,0,733
508144,2021-03-13,23.879,1,0,488
508145,2021-08-07,39.732,1,1,949
508146,2021-12-17,19.088,2,1,852
508147,2021-12-14,42.635,0,0,778
508148,2021-11-15,34.374,1,0,384
508149,2021-06-30,27.344,1,0,692
508150,2021-07-24,36.446,2,0,858
508151,2021-04-20,36.419,0,0,775
508152,2021-12-03,29.804,2,0,815
508153,2021-06-24,72.341,0,3,843
508154,2021-10-09,29.64,2,0,808
508155,2021-05-12,42.365,0,0,897
508156,2021-09-28,27.492,1,0,628
508157,2021-03-23,54.156,1,0,560
508158,2021-09-25,21.208,1,2,826
508159,2021-01-17,38.542,1,0,903
508160,2021-02-08,26.328,1,0,873
508161,2021-05-09,15.693,1,3,744
508162,2021-06-25,25.38,2,2,682
508163,2021-09-17,26.3,1,0,818
508164,2021-05-12,45.912,0,0,848
508165,2021-01-07,23.441,0,2,819
508166,2021-04-29,16.551,2,1,1229
508167,2021-06-10,13.877,1,3,554
508168,2021-07-18,35.775,1,0,1361
508169,2021-08-24,50.636,2,2,514
508170,2021-04-01,37.878,1,0,849
508171,2021-08-11,29.771,1,0,565
508172,2021-08-19,37.571,0,2,795
508173,2021-10-11,18.555,1,1,937
508174,2021-07-10,14.569,1,0,786
508175,2021-10-23,17.254,0,0,955
508176,2021-03-22,32.576,2,2,664
508177,2021-09-17,49.21,1,0,411
508178,2021-01-17,22.249,2,0,893
508179,2021-02-07,23.408,1,0,786
508180,2021-11-12,47.896,1,0,694
508181,2021-06-23,28.421,1,2,666
508182,2021-08-15,44.643,1,0,853
508183,2021-08-09,41.231,1,0,633
508184,2021-09-11,24.272,1,1,828
508185,2021-03-31,78.46,2,0,994
508186,2021-03-07,29.106,2,1,1131
508187,2021-01-16,84.17,1,0,1033
508188,2021-11-12,41.668,2,2,769
508189,2021-03-23,39.941,0,2,786
508190,2021-07-29,17.541,1,2,668
508191,2021-06-16,42.05,1,0,696
508192,2021-03-01,33.077,0,2,897
508193,2021-06-01,33.196,1,1,705
508194,2021-01-31,19.478,2,0,846
508195,2021-03-06,61.178,0,0,607
508196,2021-02-20,63.149,1,0,1027
508197,2021-10-28,16.689,0,0,722
508198,2021-07-27,31.038,0,0,976
508199,2021-12-04,30.734,0,3,593
508200,2021-06-09,38.741,0,4,574
508201,2021-03-15,43.367,2,0,1019
508202,2021-08-11,38.855,1,3,607
508203,2021-12-06,51.015,0,1,478
508204,2021-07-14,83.514,2,0,593
508205,2021-01-07,29.727,1,3,874
508206,2021-04-21,63.773,1,1,897
508207,2021-12-04,80.937,1,1,623
508208,2021-07-09,66.121,2,0,666
508209,2021-12-14,47.066,1,0,901
508210,2021-07-05,45.574,1,3,957
508211,2021-01-05,42.475,0,0,768
508212,2021-11-15,74.923,0,0,880
508213,2021-10-06,30.288,1,0,937
508214,2021-09-19,36.135,1,0,1168
508215,2021-12-21,26.018,2,0,572
508216,2021-03-13,104.823,0,3,600
508217,2021-11-27,71.909,2,0,689
508218,2021-03-26,25.877,1,3,869
508219,2021-12-21,20.761,2,1,715
508220,2021-03-11,37.983,1,0,836
508221,2021-07-20,37.218,1,0,802
508222,2021-10-16,39.254,1,0,780
508223,2021-01-29,17.162,2,2,759
508224,2021-01-25,23.362,0,2,925
508225,2021-11-07,73.124,2,0,605
508226,2021-01-23,43.415,2,3,693
508227,2021-08-13,29.8,1,2,521
508228,2021-12-09,55.714,0,0,821
508229,2021-08-13,52.654,1,1,725
508230,2021-06-25,93.3,1,2,932
508231,2021-06-02,31.122,0,2,739
508232,2021-08-21,30.481,1,0,700
508233,2021-07-28,33.714,1,0,736
508234,2021-07-03,50.443,1,0,1090
508235,2021-02-26,19.908,2,0,497
508236,2021-08-30,36.116,0,0,667
508237,2021-09-28,41.41,1,1,766
508238,2021-09-16,63.64,1,0,665
508239,2021-01-28,27.482,1,0,868
508240,2021-09-14,33.417,1,1,750
508241,2021-09-24,44.281,2,0,826
508242,2021-03-08,26.538,1,0,801
508243,2021-11-06,23.967,1,2,721
508244,2021-07-11,81.215,1,3,488
508245,2021-06-22,45.505,1,0,812
508246,2021-09-21,59.272,1,2,423
508247,2021-07-06,44.721,1,3,599
508248,2021-07-18,33.63,1,1,848
508249,2021-04-24,26.652,2,4,924
508250,2021-12-05,29.326,1,0,1203
508251,2021-12-20,24.605,1,0,703
508252,2021-02-17,23.462,1,2,584
508253,2021-09-25,28.096,1,0,874
508254,2021-01-09,56.094,1,0,1117
508255,2021-05-15,25.298,2,0,1056
508256,2021-12-21,76.499,1,0,594
508257,2021-03-05,56.776,1,0,755
508258,2021-05-18,47.377,1,0,933
508259,2021-03-22,38.958,1,4,876
508260,2021-09-23,42.217,1,0,887
508261,2021-06-19,28.356,0,2,659
508262,2021-08-05,23.948,1,0,885
508263,2021-12-11,28.651,1,0,947
508264,2021-07-10,18.814,0,3,552
508265,2021-09-25,43.016,1,0,1019
508266,2021-02-05,22.331,0,0,959
508267,2021-03-20,45.992,0,2,606
508268,2021-12-12,48.956,0,0,946
508269,2021-11-10,39.34,1,0,926
508270,2021-08-28,27.031,0,3,873
508271,2021-05-19,24.638,1,0,1064
508272,2021-03-14,25.753,1,1,758
508273,2021-11-07,21.937,2,0,840
508274,2021-10-14,35.862,0,0,305
508275,2021-03-30,33.312,1,0,981
508276,2021-08-04,86.711,0,1,944
508277,2021-08-14,80.755,2,0,1024
508278,2021-06-24,67.495,1,3,551
508279,2021-12-05,32.298,2,2,913
508280,2021-02-15,18.888,0,1,943
508281,2021-04-05,39.17,1,0,663
508282,2021-02-04,31.939,0,1,950
508283,2021-09-10,36.321,1,1,843
508284,2021-08-24,42.508,2,0,474
508285,2021-12-27,57.44,1,2,845
508286,2021-07-17,15.724,1,0,642
508287,2021-02-24,71.244,1,3,418
508288,2021-06-14,53.806,1,3,786
508289,2021-02-02,27.038,0,0,768
508290,2021-09-02,52.23,2,0,1033
508291,2021-09-04,36.221,1,0,813
508292,2021-11-10,40.315,2,0,920
508293,2021-05-05,32.102,1,2,832
508294,2021-04-24,24.605,0,0,964
508295,2021-01-27,20.294,1,1,600
508296,2021-06-01,116.162,1,3,756
508297,2021-06-23,46.44,2,4,685
508298,2021-10-03,44.648,1,0,898
508299,2021-10-03,79.123,1,4,756
508300,2021-02-21,16.423,2,0,669
508301,2021-04-15,34.93,0,0,719
508302,2021-07-06,27.317,1,0,1077
508303,2021-05-03,28.595,1,1,455
508304,2021-01-10,39.791,1,0,908
508305,2021-11-05,28.74,0,0,1003
508306,2021-09-24,15.709,2,0,884
508307,2021-07-09,22.147,0,3,1075
508308,2021-04-26,27.446,2,1,929
508309,2021-11-04,29.23,1,1,829
508310,2021-01-13,23.244,1,1,676
508311,2021-06-12,36.576,1,0,852
508312,2021-10-20,38.129,1,0,903
508313,2021-12-14,13.274,1,0,781
508314,2021-04-02,21.596,2,0,646
508315,2021-08-26,37.423,2,3,503
508316,2021-03-11,33.294,1,0,813
508317,2021-02-12,16.186,0,1,494
508318,2021-05-09,57.005,1,2,655
508319,2021-11-20,44.615,2,3,282
508320,2021-09-09,102.851,1,0,930
508321,2021-06-28,75.07,0,3,928
508322,2021-04-14,24.32,0,1,774
508323,2021-02-21,33.048,2,0,1110
508324,2021-04-09,41.353,0,2,983
508325,2021-02-25,63.994,1,0,866
508326,2021-03-10,33.971,1,2,720
508327,2021-09-08,65.414,2,1,697
508328,2021-02-18,40.14,1,2,841
508329,2021-01-18,27.9,2,2,715
508330,2021-07-17,21.001,1,1,859
508331,2021-04-15,55.326,2,0,892
508332,2021-06-15,63.316,1,0,739
508333,2021-02-21,57.207,1,3,917
508334,2021-03-18,11.509,2,1,719
508335,2021-06-10,31.635,1,3,724
508336,2021-09-09,61.522,1,0,604
508337,2021-06-01,18.386,1,0,731
508338,2021-07-17,44.299,1,2,1128
508339,2021-07-10,27.538,1,2,578
508340,2021-04-09,23.602,2,0,859
508341,2021-04-13,25.234,1,0,698
508342,2021-06-05,69.123,2,3,321
508343,2021-01-12,51.324,2,2,841
508344,2021-09-08,31.54,1,0,680
508345,2021-08-13,93.1,1,0,837
508346,2021-04-22,17.786,0,0,958
508347,2021-05-17,30.376,2,0,822
508348,2021-04-30,80.897,2,0,839
508349,2021-08-26,30.666,1,0,624
508350,2021-10-05,31.244,1,2,867
508351,2021-02-09,37.823,1,0,746
508352,2021-05-31,27.916,0,2,380
508353,2021-01-06,53.152,0,0,929
508354,2021-06-15,24.138,2,0,984
508355,2021-04-01,117.37,0,0,1047
508356,2021-05-03,18.52,1,0,1171
508357,2021-06-16,76.442,1,1,899
508358,2021-04-29,49.22,0,3,813
508359,2021-05-24,27.927,0,2,936
508360,2021-10-07,38.507,2,2,580
508361,2021-10-23,50.161,0,2,439
508362,2021-01-03,45.885,0,2,654
508363,2021-05-18,15.173,1,1,990
508364,2021-11-06,43.753,2,1,641
508365,2021-07-13,21.626,1,0,864
508366,2021-03-16,56.093,1,0,883
508367,2021-08-05,57.778,1,1,804
508368,2021-02-22,22.812,1,1,530
508369,2021-01-08,14.814,1,0,842
508370,2021-08-19,29.597,0,3,644
508371,2021-07-08,31.35,1,0,1087
508372,2021-10-04,35.826,2,1,965
508373,2021-05-06,42.267,2,3,650
508374,2021-11-08,32.644,1,0,1098
508375,2021-06-03,40.808,2,3,782
508376,2021-09-27,21.755,0,2,439
508377,2021-02-06,22.484,0,1,746
508378,2021-02-05,44.545,1,3,1014
508379,2021-10-13,42.852,1,1,612
508380,2021-11-01,29.796,1,0,768
508381,2021-12-10,22.896,1,1,515
508382,2021-04-29,70.379,0,0,564
508383,2021-01-09,73.53,2,0,630
508384,2021-12-24,58.442,1,0,559
508385,2021-08-08,46.534,2,0,669
508386,2021-04-01,21.006,1,2,1053
508387,2021-10-06,60.425,2,3,714
508388,2021-11-26,45.411,2,4,851
508389,2021-04-14,22.736,1,0,976
508390,2021-10-08,55.843,1,1,560
508391,2021-10-15,28.975,1,1,610
508392,2021-07-03,50.825,1,0,918
508393,2021-08-19,59.748,1,1,646
508394,2021-04-09,45.551,2,0,906
508395,2021-12-06,24.017,1,3,1022
508396,2021-12-25,46.219,1,0,518
508397,2021-12-25,44.16,0,2,676
508398,2021-09-27,29.61,2,3,684
508399,2021-01-16,30.621,0,1,665
508400,2021-05-14,82.482,1,0,671
508401,2021-06-12,75.963,2,0,691
508402,2021-12-17,27.357,0,4,707
508403,2021-07-19,14.092,2,0,810
508404,2021-07-15,68.2,1,0,952
508405,2021-02-23,86.325,1,4,705
508406,2021-10-17,69.638,1,2,941
508407,2021-05-03,30.434,1,1,653
508408,2021-02-03,47.33,2,0,564
508409,2021-12-27,23.779,1,0,725
508410,2021-03-11,55.793,0,2,823
508411,2021-01-06,26.932,0,0,935
508412,2021-01-29,27.087,2,0,1043
508413,2021-06-15,33.681,1,0,832
508414,2021-02-07,27.745,1,1,896
508415,2021-11-04,50.179,1,0,1026
508416,2021-07-07,23.355,1,2,600
508417,2021-04-29,106.524,1,0,742
508418,2021-01-02,44.839,0,0,1279
508419,2021-06-25,33.156,1,3,874
508420,2021-02-25,22.532,0,3,812
508421,2021-12-23,35.286,1,1,921
508422,2021-04-17,31.841,0,3,480
508423,2021-06-23,37.45,2,0,664
508424,2021-01-07,28.009,2,0,598
508425,2021-02-17,24.168,0,0,855
508426,2021-03-17,52.638,1,0,714
508427,2021-01-19,64.781,1,2,757
508428,2021-09-22,23.27,1,2,684
508429,2021-12-12,34.23,1,0,487
508430,2021-12-26,17.809,2,0,939
508431,2021-04-08,31.036,1,4,393
508432,2021-10-15,86.603,1,1,629
508433,2021-07-03,60.056,1,0,543
508434,2021-01-17,46.24,2,0,622
508435,2021-02-03,20.802,0,0,816
508436,2021-07-19,28.981,0,0,1002
508437,2021-06-04,27.748,1,0,499
508438,2021-01-04,55.427,2,0,680
508439,2021-12-06,73.612,2,0,465
508440,2021-09-24,33.38,0,0,671
508441,2021-07-03,52.685,1,0,793
508442,2021-12-27,25.238,2,0,918
508443,2021-12-21,40.617,1,0,399
508444,2021-12-22,63.362,1,3,819
508445,2021-04-05,70.659,1,2,565
508446,2021-11-18,20.876,1,0,561
508447,2021-07-04,81.09,1,0,792
508448,2021-09-23,106.294,0,1,873
508449,2021-11-10,20.374,1,0,762
508450,2021-03-01,17.631,1,1,563
508451,2021-06-13,83.448,1,4,692
508452,2021-02-17,29.83,1,0,649
508453,2021-04-13,35.75,2,0,889
508454,2021-05-31,58.548,1,0,974
508455,2021-11-09,25.5,1,1,942
508456,2021-11-11,42.095,1,0,776
508457,2021-05-23,20.618,1,1,962
508458,2021-05-01,62.407,1,0,596
508459,2021-07-13,54.667,1,1,1081
508460,2021-11-29,46.276,1,1,575
508461,2021-12-23,36.655,2,0,415
508462,2021-03-24,37.301,1,4,956
508463,2021-03-10,33.071,1,2,612
508464,2021-09-15,36.317,1,0,801
508465,2021-04-21,53.966,1,4,524
508466,2021-03-14,16.474,1,2,1165
508467,2021-01-12,95.285,2,0,1108
508468,2021-05-28,47.779,2,1,1038
508469,2021-05-24,118.979,1,1,776
508470,2021-07-25,41.627,0,1,937
508471,2021-03-15,35.519,0,3,710
508472,2021-09-18,55.107,1,0,982
508473,2021-09-06,19.732,0,0,706
508474,2021-06-18,22.535,2,0,1065
508475,2021-03-08,32.3,1,2,657
508476,2021-07-05,36.575,1,0,717
508477,2021-09-04,57.959,1,0,696
508478,2021-05-17,35.843,1,0,815
508479,2021-04-07,73.574,1,1,690
508480,2021-07-04,10.924,1,0,868
508481,2021-05-10,82.178,1,0,693
508482,2021-05-27,34.58,1,0,922
508483,2021-05-08,51.017,1,0,1053
508484,2021-04-21,62.503,1,0,794
508485,2021-09-19,19.141,1,0,1179
508486,2021-06-17,71.195,0,1,963
508487,2021-06-20,51.131,2,0,1165
508488,2021-08-27,80.275,1,0,769
508489,2021-05-12,38.462,1,1,461
508490,2021-02-06,36.37,1,0,653
508491,2021-11-08,27.988,1,0,671
508492,2021-01-21,26.524,1,0,608
508493,2021-07-28,35.382,1,0,385
508494,2021-04-08,55.009,1,0,964
508495,2021-03-20,51.066,1,4,375
508496,2021-01-16,23.807,1,0,947
508497,2021-11-25,42.432,1,1,1153
508498,2021-06-06,39.094,1,3,580
508499,2021-05-06,13.81,1,0,850
508500,2021-09-28,52.527,1,2,668
508501,2021-01-15,33.328,1,0,929
508502,2021-07-26,37.309,1,1,545
508503,2021-06-30,67.88,1,3,696
508504,2021-07-22,23.215,0,0,982
508505,2021-02-15,22.619,0,3,711
508506,2021-12-14,14.844,2,0,487
508507,2021-03-29,40.736,1,1,983
508508,2021-09-05,59.162,1,0,547
508509,2021-09-30,13.985,1,0,794
508510,2021-05-06,21.538,1,0,885
508511,2021-02-17,35.806,1,3,742
508512,2021-04-19,34.861,2,1,1217
508513,2021-10-22,28.551,1,3,852
508514,2021-11-27,38.654,1,0,744
508515,2021-12-08,82.426,0,0,888
508516,2021-03-24,36.752,2,0,818
508517,2021-08-10,48.243,1,0,788
508518,2021-02-25,44.806,1,0,824
508519,2021-09-17,14.564,1,3,642
508520,2021-06-01,39.425,1,3,758
508521,2021-09-18,17.124,1,0,689
508522,2021-09-08,36.524,2,0,439
508523,2021-12-29,57.193,2,1,965
508524,2021-06-28,30.5,1,1,658
508525,2021-05-05,59.657,2,1,785
508526,2021-07-12,19.624,1,0,643
508527,2021-03-01,38.808,1,0,649
508528,2021-02-10,41.04,1,0,593
508529,2021-07-09,12.75,1,4,881
508530,2021-10-29,53.856,1,1,974
508531,2021-07-14,9.123,1,3,725
508532,2021-10-13,38.906,1,0,683
508533,2021-03-06,43.32,1,0,475
508534,2021-06-14,30.604,0,0,923
508535,2021-08-12,35.762,1,3,598
508536,2021-05-07,99.716,1,0,579
508537,2021-01-06,29.54,1,1,765
508538,2021-01-27,21.247,1,0,720
508539,2021-12-05,85.646,2,0,507
508540,2021-08-09,39.216,1,0,531
508541,2021-04-07,57.43,1,0,841
508542,2021-04-05,16.798,0,2,622
508543,2021-01-15,12.104,0,4,802
508544,2021-12-11,24.533,1,1,786
508545,2021-02-09,32.792,1,0,969
508546,2021-10-05,28.321,0,2,590
508547,2021-03-29,26.632,1,0,822
508548,2021-05-03,14.221,2,2,855
508549,2021-04-10,38.37,1,2,627
508550,2021-10-28,31.493,1,0,983
508551,2021-01-12,13.015,1,0,480
508552,2021-05-09,33.28,2,0,630
508553,2021-04-12,33.155,1,0,473
508554,2021-04-10,55.296,2,3,588
508555,2021-03-12,28.334,2,1,732
508556,2021-11-30,53.295,1,0,930
508557,2021-05-19,52.088,2,0,752
508558,2021-06-02,22.727,2,2,633
508559,2021-05-21,46.455,2,0,501
508560,2021-12-24,66.748,1,0,561
508561,2021-05-04,58.931,2,1,816
508562,2021-05-05,42.585,1,0,939
508563,2021-04-30,33.602,0,0,705
508564,2021-04-30,19.622,0,0,998
508565,2021-02-02,68.21,1,0,609
508566,2021-08-09,18.206,1,3,650
508567,2021-01-10,32.005,2,2,685
508568,2021-03-24,64.239,0,4,985
508569,2021-03-15,22.397,1,3,744
508570,2021-04-17,35.008,1,0,456
508571,2021-10-04,17.262,1,0,951
508572,2021-08-07,31.318,1,1,1092
508573,2021-12-28,25.493,1,0,735
508574,2021-05-09,24.622,0,4,549
508575,2021-12-05,45.372,0,0,936
508576,2021-01-17,47.231,1,0,1134
508577,2021-07-04,27.642,1,1,913
508578,2021-10-19,39.673,0,3,428
508579,2021-07-14,29.114,1,1,896
508580,2021-12-07,37.602,2,1,833
508581,2021-04-25,24.913,1,0,608
508582,2021-01-13,28.325,1,1,992
508583,2021-10-10,14.016,1,1,839
508584,2021-01-25,102.123,2,0,1017
508585,2021-10-07,60.885,2,2,549
508586,2021-09-25,100.465,2,0,852
508587,2021-11-05,58.455,1,0,619
508588,2021-06-24,39.153,1,3,765
508589,2021-11-23,15.473,1,0,1046
508590,2021-03-03,63.745,0,1,503
508591,2021-06-08,64.554,1,0,534
508592,2021-02-14,20.459,1,3,892
508593,2021-10-07,45.28,1,0,777
508594,2021-09-18,37.72,1,0,991
508595,2021-10-22,34.444,1,2,595
508596,2021-10-06,46.012,2,1,769
508597,2021-04-23,43.458,2,0,904
508598,2021-01-25,22.509,1,0,818
508599,2021-12-06,64.22,2,0,458
508600,2021-06-29,18.249,2,3,1228
508601,2021-02-04,50.232,1,1,798
508602,2021-12-05,40.17,1,3,479
508603,2021-12-29,25.101,2,4,767
508604,2021-06-12,69.612,0,0,857
508605,2021-10-09,17.223,1,1,939
508606,2021-01-14,40.526,1,1,927
508607,2021-02-04,38.786,1,2,702
508608,2021-04-11,73.128,0,1,450
508609,2021-08-28,47.304,1,0,863
508610,2021-02-18,12.54,2,3,424
508611,2021-01-13,27.632,0,1,979
508612,2021-09-02,71.272,1,2,608
508613,2021-10-09,33.641,2,0,894
508614,2021-09-27,21.247,0,0,662
508615,2021-10-19,41.723,2,1,671
508616,2021-10-21,69.336,2,2,596
508617,2021-08-08,23.75,2,0,909
508618,2021-07-09,21.842,2,0,668
508619,2021-11-09,30.96,2,2,878
508620,2021-05-08,26.917,1,4,603
508621,2021-02-05,56.612,2,0,738
508622,2021-10-02,29.869,1,0,786
508623,2021-04-11,38.952,0,0,808
508624,2021-12-24,72.862,2,0,614
508625,2021-06-01,21.701,0,0,907
508626,2021-11-07,61.519,0,0,731
508627,2021-01-16,53.65,0,1,858
508628,2021-08-29,20.621,1,0,777
508629,2021-06-13,75.664,1,0,886
508630,2021-06-18,20.123,1,4,636
508631,2021-04-07,18.178,2,0,638
508632,2021-12-21,22.324,2,2,817
508633,2021-05-24,29.424,1,0,691
508634,2021-11-07,27.884,1,2,1003
508635,2021-06-05,20.83,2,2,752
508636,2021-01-18,44.27,1,0,533
508637,2021-11-17,38.665,1,1,655
508638,2021-03-09,38.782,1,1,580
508639,2021-04-09,45.12,1,0,973
508640,2021-11-11,68.088,0,2,879
508641,2021-11-23,34.168,2,0,769
508642,2021-12-01,26.544,0,0,832
508643,2021-06-05,51.674,1,4,694
508644,2021-10-04,58.482,0,0,935
508645,2021-04-30,36.277,1,0,874
508646,2021-09-28,36.127,0,0,906
508647,2021-07-03,32.803,0,4,675
508648,2021-01-19,26.52,1,0,666
508649,2021-06-02,30.19,1,0,900
508650,2021-06-20,34.427,1,1,1039
508651,2021-04-04,46.2,2,2,939
508652,2021-05-17,48.48,2,0,1065
508653,2021-07-03,22.017,1,4,739
508654,2021-01-19,36.014,1,0,605
508655,2021-02-25,25.85,2,1,601
508656,2021-10-07,31.803,1,1,1008
508657,2021-05-09,37.106,1,0,445
508658,2021-08-11,53.85,1,3,991
508659,2021-07-26,33.519,1,1,618
508660,2021-07-21,42.746,1,0,1126
508661,2021-05-31,21.639,1,0,767
508662,2021-06-26,21.632,2,0,910
508663,2021-10-28,30.215,1,3,1149
508664,2021-12-19,157.093,1,0,721
508665,2021-04-04,22.64,0,3,658
508666,2021-09-02,38.624,1,0,655
508667,2021-12-20,42.056,0,4,530
508668,2021-01-03,34.802,1,2,681
508669,2021-10-14,27.547,1,0,680
508670,2021-07-01,53.719,1,0,555
508671,2021-12-20,21.627,0,2,702
508672,2021-07-31,41.529,0,0,861
508673,2021-11-02,26.927,0,0,619
508674,2021-03-02,62.13,1,2,711
508675,2021-02-21,15.182,0,3,973
508676,2021-12-05,32.644,1,2,484
508677,2021-07-12,19.497,2,3,1068
508678,2021-07-23,53.341,1,1,639
508679,2021-03-04,57.19,1,2,776
508680,2021-03-24,10.734,1,0,1010
508681,2021-10-26,20.195,0,2,1025
508682,2021-04-21,54.292,1,1,845
508683,2021-08-02,33.614,1,1,635
508684,2021-04-26,46.06,2,4,569
508685,2021-04-07,34.727,1,0,677
508686,2021-03-02,38.368,1,1,1100
508687,2021-12-06,56.252,2,0,711
508688,2021-12-10,20.14,2,0,838
508689,2021-02-12,32.708,1,0,592
508690,2021-05-09,22.62,0,4,502
508691,2021-07-25,39.553,1,0,785
508692,2021-05-20,19.824,1,1,702
508693,2021-09-21,52.63,2,1,715
508694,2021-04-05,26.688,0,3,454
508695,2021-01-22,48.838,1,2,727
508696,2021-05-03,25.077,1,0,1059
508697,2021-08-07,50.343,1,0,626
508698,2021-03-07,57.87,1,1,922
508699,2021-10-25,49.307,2,0,180
508700,2021-01-05,23.529,1,0,636
508701,2021-01-25,69.53,0,0,436
508702,2021-07-05,47.771,2,0,1003
508703,2021-07-06,28.801,1,4,868
508704,2021-04-18,38.489,2,3,534
508705,2021-04-05,71.282,2,1,812
508706,2021-01-26,27.764,1,0,996
508707,2021-08-30,26.361,0,4,954
508708,2021-05-19,33.688,1,1,687
508709,2021-02-13,18.075,1,3,322
508710,2021-05-26,42.905,1,0,618
508711,2021-12-09,50.077,1,0,918
508712,2021-04-06,38.551,1,1,1138
508713,2021-11-23,25.229,0,3,710
508714,2021-04-05,54.243,1,0,671
508715,2021-03-09,32.411,0,0,1212
508716,2021-04-06,23.768,1,1,833
508717,2021-04-28,40.498,0,4,489
508718,2021-02-14,58.981,1,2,719
508719,2021-08-03,26.942,2,3,900
508720,2021-05-02,73.353,2,1,747
508721,2021-09-20,33.4,1,3,863
508722,2021-06-29,38.177,2,0,491
508723,2021-06-11,36.856,0,0,522
508724,2021-06-21,28.595,1,1,628
508725,2021-02-27,23.764,1,1,709
508726,2021-09-18,84.396,1,0,840
508727,2021-02-08,20.581,0,0,895
508728,2021-09-21,57.005,1,2,1184
508729,2021-12-31,74.691,0,2,607
508730,2021-10-06,25.386,2,0,723
508731,2021-06-16,53.061,2,3,592
508732,2021-04-25,49.186,1,0,974
508733,2021-11-15,54.478,2,0,984
508734,2021-04-04,25.031,2,0,699
508735,2021-06-26,36.183,1,0,1152
508736,2021-10-09,50.263,1,0,652
508737,2021-12-03,17.071,1,1,945
508738,2021-12-03,16.72,0,2,1002
508739,2021-02-02,42.344,1,0,535
508740,2021-11-24,30.432,1,3,824
508741,2021-02-11,37.536,2,3,229
508742,2021-08-02,25.288,2,0,928
508743,2021-12-06,49.829,1,0,582
508744,2021-08-28,51.275,1,0,882
508745,2021-12-12,39.583,1,1,896
508746,2021-05-06,22.016,1,0,982
508747,2021-04-25,54.192,1,1,920
508748,2021-04-30,16.193,1,1,770
508749,2021-05-10,20.839,1,1,692
508750,2021-09-07,50.734,0,0,767
508751,2021-06-15,21.088,1,0,579
508752,2021-09-27,25.88,1,0,742
508753,2021-06-01,37.515,1,2,688
508754,2021-04-23,54.037,2,1,618
508755,2021-03-11,46.363,0,1,447
508756,2021-07-21,64.699,1,1,530
508757,2021-11-24,28.584,2,0,213
508758,2021-11-10,23.699,0,0,725
508759,2021-04-03,22.349,1,0,845
508760,2021-06-24,34.966,1,0,297
508761,2021-09-15,46.416,1,0,823
508762,2021-08-12,120.696,1,0,758
508763,2021-01-25,46.552,2,2,528
508764,2021-08-04,15.378,2,0,702
508765,2021-01-15,58.723,2,0,969
508766,2021-02-12,23.93,2,0,605
508767,2021-08-27,19.97,0,0,794
508768,2021-02-07,66.6,1,0,842
508769,2021-05-04,52.633,1,0,632
508770,2021-08-03,67.129,0,0,961
508771,2021-08-28,26.429,1,4,783
508772,2021-06-12,95.189,1,0,735
508773,2021-02-04,52.858,1,0,1205
508774,2021-10-19,23.507,1,0,962
508775,2021-12-13,90.216,2,0,476
508776,2021-11-21,46.299,0,1,690
508777,2021-10-01,34.735,1,0,1224
508778,2021-05-27,27.195,0,3,543
508779,2021-11-16,7.592,2,3,732
508780,2021-06-28,51.877,1,1,982
508781,2021-02-19,26.477,1,0,897
508782,2021-11-07,34.759,1,0,923
508783,2021-04-27,31.813,0,0,913
508784,2021-12-09,22.099,0,2,745
508785,2021-05-15,44.179,1,0,637
508786,2021-11-14,24.448,0,1,838
508787,2021-07-16,17.017,1,0,708
508788,2021-06-20,36.041,0,0,693
508789,2021-04-19,26.952,1,0,1047
508790,2021-11-02,16.8,0,0,711
508791,2021-01-23,20.538,1,1,1067
508792,2021-06-21,38.491,2,1,806
508793,2021-05-15,37.273,2,0,751
508794,2021-07-18,67.422,1,0,453
508795,2021-04-03,58.188,1,2,1122
508796,2021-08-31,42.652,1,0,779
508797,2021-05-21,25.991,1,1,351
508798,2021-03-10,28.197,1,0,958
508799,2021-03-13,43.476,1,1,751
508800,2021-09-12,55.822,1,1,592
508801,2021-04-06,46.055,1,0,948
508802,2021-04-23,29.191,1,0,321
508803,2021-08-17,38.436,1,0,651
508804,2021-05-01,32.112,2,0,726
508805,2021-05-22,14.206,0,1,913
508806,2021-03-31,31.806,1,0,1183
508807,2021-05-07,34.45,0,0,736
508808,2021-09-10,46.607,0,2,823
508809,2021-07-14,20.873,1,2,1235
508810,2021-12-31,22.434,0,0,781
508811,2021-10-09,57.448,2,1,844
508812,2021-01-07,23.127,1,0,557
508813,2021-05-19,26.18,1,1,1113
508814,2021-04-16,43.768,1,0,652
508815,2021-08-03,47.283,2,2,788
508816,2021-04-07,62.332,1,0,823
508817,2021-12-19,34.089,1,0,795
508818,2021-04-20,28.5,2,2,662
508819,2021-07-10,32.521,1,0,823
508820,2021-02-14,26.683,1,0,1096
508821,2021-11-29,42.548,2,0,1191
508822,2021-11-29,30.785,1,1,728
508823,2021-10-17,20.196,1,0,699
508824,2021-05-09,18.663,1,1,614
508825,2021-01-22,36.817,0,0,1264
508826,2021-09-17,48.617,2,1,783
508827,2021-06-06,25.678,1,3,921
508828,2021-12-28,20.029,0,0,905
508829,2021-09-12,71.212,2,1,1158
508830,2021-07-16,30.736,2,0,735
508831,2021-12-27,62.577,2,0,581
508832,2021-10-20,55.082,1,2,1075
508833,2021-06-17,77.103,0,3,883
508834,2021-01-07,33.431,1,2,822
508835,2021-02-03,16.95,1,3,996
508836,2021-06-11,14.804,1,0,872
508837,2021-07-25,31.684,2,1,1043
508838,2021-01-12,75.101,1,0,824
508839,2021-02-16,37.269,1,4,872
508840,2021-09-15,71.156,1,1,855
508841,2021-10-02,22.605,1,0,721
508842,2021-01-11,65.947,1,2,703
508843,2021-07-05,48.364,1,1,689
508844,2021-01-30,41.611,0,3,768
508845,2021-09-22,53.903,0,2,658
508846,2021-11-01,25.84,2,3,798
508847,2021-11-14,43.104,2,0,852
508848,2021-08-07,22.729,0,0,817
508849,2021-08-18,26.841,1,2,780
508850,2021-12-05,23.855,1,0,678
508851,2021-08-12,23.411,1,0,729
508852,2021-06-12,15.217,1,4,409
508853,2021-10-03,89.782,1,3,698
508854,2021-08-04,19.765,2,3,543
508855,2021-11-04,55.722,0,0,798
508856,2021-07-11,15.555,2,0,651
508857,2021-11-14,31.058,1,3,351
508858,2021-01-17,36.505,0,0,1185
508859,2021-01-14,66.372,2,0,738
508860,2021-02-06,41.84,2,0,1040
508861,2021-07-23,20.955,2,3,625
508862,2021-09-16,31.353,1,0,1086
508863,2021-03-20,59.694,1,0,573
508864,2021-02-26,56.147,1,0,812
508865,2021-11-11,25.908,1,0,583
508866,2021-10-01,18.422,2,1,1228
508867,2021-08-25,27.541,1,1,715
508868,2021-06-28,48.458,1,1,909
508869,2021-06-03,16.364,1,0,861
508870,2021-01-08,32.374,1,0,775
508871,2021-03-10,24.056,2,0,873
508872,2021-11-24,27.265,1,3,965
508873,2021-05-04,44.054,0,0,900
508874,2021-09-15,33.996,1,0,809
508875,2021-09-14,45.464,2,0,873
508876,2021-04-23,60.732,1,4,1055
508877,2021-03-16,174.611,2,2,665
508878,2021-09-10,52.654,0,0,446
508879,2021-02-04,48.21,0,1,563
508880,2021-06-30,26.061,2,0,596
508881,2021-11-21,58.254,1,2,581
508882,2021-09-17,79.338,1,4,558
508883,2021-10-06,26.344,1,1,756
508884,2021-01-31,26.656,1,2,785
508885,2021-03-14,24.838,1,0,823
508886,2021-04-11,19.298,1,0,649
508887,2021-04-17,35.445,1,1,939
508888,2021-03-12,19.464,1,1,856
508889,2021-12-21,33.47,1,0,1065
508890,2021-03-02,39.9,0,0,932
508891,2021-09-16,45.688,1,0,717
508892,2021-08-03,26.601,0,0,1015
508893,2021-08-11,16.908,2,3,769
508894,2021-03-20,60.569,1,0,924
508895,2021-04-23,15.482,0,2,870
508896,2021-08-10,36.1,2,0,758
508897,2021-04-20,71.755,1,1,779
508898,2021-09-11,35.381,0,3,696
508899,2021-01-15,60.979,0,2,586
508900,2021-01-27,40.988,1,2,354
508901,2021-09-23,18.696,1,0,655
508902,2021-08-14,74.375,1,0,816
508903,2021-01-16,32.781,2,1,955
508904,2021-11-25,28.283,1,2,883
508905,2021-01-02,55.957,2,2,690
508906,2021-12-15,24.003,1,1,638
508907,2021-09-24,53.427,1,0,748
508908,2021-12-27,42.312,2,0,604
508909,2021-12-13,73.624,1,3,339
508910,2021-04-25,59.827,2,1,482
508911,2021-10-04,31.278,1,2,987
508912,2021-03-18,29.6,1,1,1094
508913,2021-06-22,24.425,2,3,856
508914,2021-03-29,30.649,0,2,730
508915,2021-06-27,23.325,2,0,529
508916,2021-11-15,29.541,0,3,691
508917,2021-06-09,19.806,1,0,890
508918,2021-02-03,26.179,1,0,929
508919,2021-04-29,63.47,1,2,864
508920,2021-10-15,19.148,1,0,998
508921,2021-07-10,18.402,0,0,1130
508922,2021-07-24,25.754,1,1,687
508923,2021-06-07,75.905,1,4,1215
508924,2021-04-17,21.771,1,0,416
508925,2021-08-07,31.075,1,1,620
508926,2021-08-20,39.712,0,0,816
508927,2021-11-24,45.666,1,0,879
508928,2021-08-14,32.272,1,1,727
508929,2021-12-30,42.498,0,1,671
508930,2021-10-29,62.75,1,2,1136
508931,2021-01-29,20.581,1,1,662
508932,2021-05-24,25.738,1,4,527
508933,2021-05-21,23.486,1,2,1044
508934,2021-01-02,29.64,1,0,933
508935,2021-03-07,67.94,1,2,937
508936,2021-10-06,52.53,2,1,795
508937,2021-05-09,31.983,1,0,532
508938,2021-02-23,52.797,1,1,775
508939,2021-04-15,84.447,1,2,468
508940,2021-04-11,19.97,2,0,824
508941,2021-03-05,25.948,1,0,898
508942,2021-02-06,30.977,2,0,974
508943,2021-10-06,41.454,1,0,763
508944,2021-10-28,42.816,1,3,855
508945,2021-07-01,21.703,1,0,617
508946,2021-08-13,38.29,1,2,914
508947,2021-12-02,57.801,1,2,861
508948,2021-11-04,19.2,1,0,636
508949,2021-01-12,37.445,1,0,875
508950,2021-12-14,31.112,2,0,976
508951,2021-01-25,18.28,2,0,794
508952,2021-01-10,56.067,1,0,632
508953,2021-05-28,51.311,0,0,812
508954,2021-09-30,23.582,0,2,839
508955,2021-01-30,64.238,1,1,611
508956,2021-04-17,93.584,2,0,599
508957,2021-04-06,36.708,0,0,874
508958,2021-05-26,18.414,2,2,888
508959,2021-12-26,30.564,1,0,1167
508960,2021-05-01,17.15,1,1,880
508961,2021-03-18,34.154,1,0,562
508962,2021-02-14,28.56,2,3,1087
508963,2021-03-14,50.73,1,0,970
508964,2021-02-18,27.546,2,0,419
508965,2021-07-29,53.414,0,1,575
508966,2021-06-03,24.414,2,0,692
508967,2021-07-01,40.185,1,1,911
508968,2021-10-31,17.658,1,0,352
508969,2021-07-31,20.56,1,0,759
508970,2021-02-26,51.293,2,0,921
508971,2021-05-18,57.789,2,1,250
508972,2021-04-25,24.51,2,3,854
508973,2021-10-29,43.795,0,0,936
508974,2021-04-23,46.281,1,2,588
508975,2021-02-20,21.213,1,2,532
508976,2021-09-26,48.192,1,0,625
508977,2021-06-06,36.249,2,0,299
508978,2021-02-04,42.213,1,0,721
508979,2021-09-09,33.142,2,0,820
508980,2021-03-18,14.44,0,2,521
508981,2021-11-13,35.848,1,0,955
508982,2021-10-31,32.482,2,0,798
508983,2021-05-15,30.735,1,1,807
508984,2021-07-22,17.219,1,0,708
508985,2021-07-27,54.868,1,3,854
508986,2021-08-27,34.542,1,1,992
508987,2021-01-26,16.63,0,0,707
508988,2021-04-29,64.562,1,0,917
508989,2021-03-04,42.404,0,0,919
508990,2021-09-12,61.421,1,4,785
508991,2021-01-26,35.653,1,0,1082
508992,2021-07-08,34.762,1,3,589
508993,2021-09-23,56.51,0,4,634
508994,2021-12-13,42.571,1,0,640
508995,2021-04-16,33.548,1,1,891
508996,2021-01-03,26.791,1,1,711
508997,2021-09-22,12.419,0,0,655
508998,2021-01-01,51.224,0,3,1019
508999,2021-01-25,53.531,1,0,1106
509000,2021-12-28,56.545,2,3,661
509001,2021-11-11,61.468,2,1,514
509002,2021-09-16,23.068,0,0,1115
509003,2021-11-01,30.857,1,0,865
509004,2021-01-28,28.257,2,0,856
509005,2021-02-02,14.508,1,0,799
509006,2021-04-20,27.287,2,1,616
509007,2021-01-09,37.786,0,0,706
509008,2021-11-21,56.036,2,3,842
509009,2021-01-21,44.212,1,0,699
509010,2021-07-18,26.373,1,0,858
509011,2021-11-08,53.839,1,0,782
509012,2021-09-26,41.391,2,0,590
509013,2021-03-27,17.132,1,1,1052
509014,2021-06-21,39.62,1,0,887
509015,2021-07-20,51.529,1,1,820
509016,2021-10-08,47.403,2,1,860
509017,2021-06-05,19.874,2,0,457
509018,2021-04-15,22.074,0,0,691
509019,2021-10-18,90.197,0,0,505
509020,2021-11-20,22.472,2,0,802
509021,2021-06-28,33.976,1,2,799
509022,2021-01-11,11.429,1,0,805
509023,2021-07-02,64.206,1,0,992
509024,2021-11-21,50.802,0,0,510
509025,2021-12-28,77.457,1,0,636
509026,2021-05-27,21.496,1,3,795
509027,2021-02-24,62.21,1,2,788
509028,2021-07-28,21.841,1,2,503
509029,2021-10-31,67.931,2,0,995
509030,2021-12-11,12.394,1,0,1058
509031,2021-01-19,56.928,1,0,857
509032,2021-04-17,36.547,0,2,468
509033,2021-06-24,48.385,1,0,809
509034,2021-02-05,53.648,1,0,841
509035,2021-11-20,45.961,1,1,711
509036,2021-02-10,104.261,1,2,983
509037,2021-08-31,81.525,0,0,759
509038,2021-12-02,47.715,2,0,1159
509039,2021-09-08,38.104,2,3,861
509040,2021-10-06,65.17,0,0,830
509041,2021-04-07,79.053,1,3,886
509042,2021-10-30,35.845,2,0,1056
509043,2021-06-02,35.804,0,3,882
509044,2021-01-23,22.628,1,3,706
509045,2021-05-14,41.376,2,0,661
509046,2021-05-08,36.953,1,2,538
509047,2021-07-10,55.949,1,0,341
509048,2021-04-07,95.436,1,0,811
509049,2021-06-18,72.317,2,0,710
509050,2021-06-06,58.936,0,1,700
509051,2021-04-30,32.459,1,0,965
509052,2021-09-12,30.837,1,0,760
509053,2021-04-22,50.335,2,4,1051
509054,2021-10-07,47.136,1,2,637
509055,2021-04-02,49.266,2,0,605
509056,2021-11-12,21.937,1,0,554
509057,2021-05-14,23.032,1,0,910
509058,2021-01-15,27.023,1,0,987
509059,2021-02-24,47.944,1,3,613
509060,2021-10-22,42.4,0,4,518
509061,2021-11-15,78.543,2,0,1055
509062,2021-03-19,23.279,1,0,519
509063,2021-08-08,22.737,2,0,962
509064,2021-07-29,30.625,2,0,677
509065,2021-02-18,28.545,1,0,851
509066,2021-06-14,29.09,0,0,974
509067,2021-09-11,37.73,1,0,866
509068,2021-12-20,37.203,2,0,727
509069,2021-11-06,22.269,1,2,991
509070,2021-02-05,26.425,1,2,792
509071,2021-03-28,56.132,2,0,1443
509072,2021-06-09,32.072,0,0,473
509073,2021-02-24,23.803,1,2,430
509074,2021-07-28,29.879,1,0,959
509075,2021-01-04,23.835,1,3,714
509076,2021-02-11,91.599,1,0,923
509077,2021-01-18,59.283,1,3,522
509078,2021-04-18,116.727,0,0,790
509079,2021-10-06,35.907,1,2,822
509080,2021-03-06,34.175,0,0,682
509081,2021-12-27,23.291,1,2,782
509082,2021-04-09,45.196,0,1,515
509083,2021-01-17,30.495,0,0,851
509084,2021-05-03,22.938,1,2,1000
509085,2021-10-01,62.985,1,0,557
509086,2021-02-08,35.62,1,0,546
509087,2021-01-27,39.379,1,0,994
509088,2021-11-07,35.98,2,2,503
509089,2021-08-05,41.303,0,2,891
509090,2021-05-06,15.936,0,0,790
509091,2021-10-03,23.962,1,2,665
509092,2021-11-05,92.858,2,3,984
509093,2021-05-12,33.209,0,1,927
509094,2021-07-24,40.034,0,0,830
509095,2021-01-04,51.604,1,0,393
509096,2021-04-22,29.565,1,0,908
509097,2021-08-06,22.28,1,0,587
509098,2021-03-13,18.926,0,0,740
509099,2021-12-28,21.79,2,2,741
509100,2021-12-21,26.189,0,1,1102
509101,2021-04-05,25.34,1,1,714
509102,2021-05-25,20.19,2,0,524
509103,2021-03-11,52.967,0,0,1045
509104,2021-07-03,66.571,1,2,871
509105,2021-02-15,22.982,1,0,917
509106,2021-05-23,15.715,1,3,988
509107,2021-07-22,37.028,0,0,1090
509108,2021-08-12,80.02,2,0,619
509109,2021-08-06,23.148,2,1,510
509110,2021-03-22,23.635,1,1,912
509111,2021-10-17,12.255,1,0,733
509112,2021-09-10,40.1,1,1,729
509113,2021-10-02,22.316,2,0,578
509114,2021-06-20,61.602,2,0,885
509115,2021-11-22,48.501,1,0,852
509116,2021-05-23,69.953,1,1,732
509117,2021-10-22,58.474,1,1,510
509118,2021-03-16,17.158,1,0,998
509119,2021-04-01,30.254,0,2,786
509120,2021-07-12,57.273,1,2,941
509121,2021-07-22,21.591,1,0,401
509122,2021-09-30,29.525,1,0,790
509123,2021-04-19,36.112,1,0,651
509124,2021-11-15,34.223,2,0,787
509125,2021-05-01,46.173,1,3,890
509126,2021-07-14,28.105,0,2,807
509127,2021-12-07,26.33,1,0,783
509128,2021-07-16,42.875,1,0,782
509129,2021-09-06,33.263,1,0,499
509130,2021-11-28,86.081,2,0,617
509131,2021-12-22,21.236,1,0,982
509132,2021-07-02,38.256,1,0,689
509133,2021-06-02,19.282,2,0,985
509134,2021-03-13,42.506,1,0,929
509135,2021-07-16,32.834,1,0,938
509136,2021-12-02,44.317,1,0,840
509137,2021-06-27,25.38,0,0,702
509138,2021-05-08,14.533,2,0,753
509139,2021-02-09,62.164,2,0,895
509140,2021-05-23,52.465,2,0,397
509141,2021-03-28,51.897,1,3,944
509142,2021-12-23,49.606,1,0,690
509143,2021-07-12,37.334,1,1,744
509144,2021-02-20,51.003,2,0,766
509145,2021-01-25,23.275,1,0,773
509146,2021-11-07,27.562,1,0,544
509147,2021-12-06,57.17,1,2,767
509148,2021-10-06,89.864,2,4,817
509149,2021-02-15,40.572,2,0,412
509150,2021-02-05,9.759,1,0,546
509151,2021-03-14,48.011,0,2,901
509152,2021-10-02,75.496,1,0,908
509153,2021-10-07,30.78,2,0,834
509154,2021-11-02,23.888,1,2,617
509155,2021-02-05,55.553,1,0,909
509156,2021-02-25,30.436,1,1,543
509157,2021-11-25,29.743,1,0,755
509158,2021-12-05,16.51,1,0,545
509159,2021-09-22,17.158,1,4,681
509160,2021-02-08,52.515,1,0,595
509161,2021-01-26,20.065,1,0,916
509162,2021-01-21,77.578,1,0,858
509163,2021-09-10,85.861,1,0,677
509164,2021-11-05,25.266,2,0,976
509165,2021-08-19,25.652,1,0,608
509166,2021-04-06,48.068,2,0,774
509167,2021-10-04,71.671,2,0,669
509168,2021-01-22,40.981,1,2,874
509169,2021-10-30,26.11,1,0,896
509170,2021-11-22,27.104,1,3,954
509171,2021-09-20,36.811,2,0,795
509172,2021-11-17,28.303,1,0,247
509173,2021-08-02,58.776,0,3,642
509174,2021-06-20,24.985,1,2,1022
509175,2021-04-28,44.324,1,0,722
509176,2021-12-03,46.848,2,0,435
509177,2021-09-12,38.624,1,2,821
509178,2021-03-11,31.612,2,0,874
509179,2021-12-16,32.89,1,0,649
509180,2021-01-22,23.648,0,0,736
509181,2021-08-03,59.723,2,2,587
509182,2021-03-11,34.671,1,1,854
509183,2021-08-31,31.252,1,0,790
509184,2021-05-31,24.387,1,3,510
509185,2021-06-09,98.845,1,0,778
509186,2021-09-03,50.445,0,2,608
509187,2021-10-03,21.685,1,0,1043
509188,2021-05-19,45.315,2,1,921
509189,2021-12-31,26.607,1,0,758
509190,2021-07-01,23.95,2,0,795
509191,2021-02-28,25.934,1,0,962
509192,2021-01-03,44.164,0,3,689
509193,2021-03-15,32.804,1,0,917
509194,2021-09-10,34.212,1,0,1046
509195,2021-07-16,40.956,1,0,692
509196,2021-05-04,54.471,1,1,1056
509197,2021-06-25,101.034,1,1,1004
509198,2021-11-02,31.088,0,0,825
509199,2021-07-28,28.909,1,0,700
509200,2021-01-22,37.445,0,1,803
509201,2021-01-18,48.067,1,0,736
509202,2021-06-25,67.925,1,0,637
509203,2021-05-28,23.034,0,0,876
509204,2021-11-07,107.355,2,0,596
509205,2021-08-01,18.98,2,3,659
509206,2021-10-04,63.178,0,1,701
509207,2021-08-02,50.553,2,0,534
509208,2021-05-07,18.255,1,2,859
509209,2021-08-28,39.511,0,0,739
509210,2021-08-15,18.05,1,3,954
509211,2021-09-20,24.098,1,0,736
509212,2021-03-11,33.93,1,3,647
509213,2021-08-23,36.183,1,3,557
509214,2021-04-15,60.064,0,2,747
509215,2021-10-16,26.399,2,0,788
509216,2021-10-19,38.381,1,2,874
509217,2021-08-17,54.15,2,1,772
509218,2021-12-12,34.097,1,0,1157
509219,2021-07-16,35.962,0,0,862
509220,2021-01-10,18.532,1,1,582
509221,2021-08-10,18.835,1,3,527
509222,2021-10-11,23.49,1,2,836
509223,2021-02-06,67.444,2,0,597
509224,2021-02-08,68.913,1,1,867
509225,2021-04-10,61.381,2,0,941
509226,2021-11-05,41.363,1,0,946
509227,2021-07-12,41.214,1,2,584
509228,2021-12-23,29.674,1,1,926
509229,2021-11-15,33.158,1,2,798
509230,2021-07-22,14.029,1,0,671
509231,2021-09-05,38.46,0,0,751
509232,2021-05-01,52.496,0,1,845
509233,2021-02-02,27.315,1,0,659
509234,2021-05-26,52.773,1,4,764
509235,2021-08-05,56.063,1,3,980
509236,2021-03-08,21.096,1,3,894
509237,2021-03-22,109.373,1,3,735
509238,2021-01-06,42.482,0,0,822
509239,2021-09-25,83.675,1,0,683
509240,2021-11-25,25.921,1,2,648
509241,2021-10-30,63.877,1,0,503
509242,2021-05-19,46.201,2,2,785
509243,2021-08-05,36.198,1,0,903
509244,2021-12-17,24.631,1,3,707
509245,2021-08-04,35.16,1,0,622
509246,2021-04-18,48.703,1,2,752
509247,2021-05-04,37.319,1,0,1022
509248,2021-09-23,37.152,1,1,922
509249,2021-06-12,27.263,0,3,715
509250,2021-11-02,22.54,2,0,1149
509251,2021-11-12,43.023,2,0,1266
509252,2021-01-14,23.723,2,0,694
509253,2021-09-22,62.333,2,1,716
509254,2021-05-16,53.667,0,1,885
509255,2021-07-09,75.672,1,1,596
509256,2021-04-07,29.534,0,0,933
509257,2021-05-15,35.366,2,0,798
509258,2021-05-01,16.631,2,3,787
509259,2021-01-19,28.645,1,1,656
509260,2021-10-13,35.957,1,0,638
509261,2021-02-22,43.605,1,0,423
509262,2021-05-18,29.496,0,0,1047
509263,2021-03-12,25.876,0,2,909
509264,2021-02-28,39.835,0,1,881
509265,2021-05-17,29.648,0,1,823
509266,2021-12-02,64.389,2,1,345
509267,2021-12-11,38.426,0,2,605
509268,2021-05-20,27.527,1,0,734
509269,2021-07-04,56.992,1,0,585
509270,2021-12-26,22.255,1,0,475
509271,2021-03-27,35.081,1,4,534
509272,2021-12-11,26.527,1,1,769
509273,2021-02-08,31.218,2,0,789
509274,2021-03-24,65.538,1,2,903
509275,2021-05-04,38.081,1,0,1151
509276,2021-01-14,16.565,1,0,903
509277,2021-10-25,28.541,1,1,728
509278,2021-11-09,39.464,1,4,1034
509279,2021-05-20,39.89,1,0,495
509280,2021-11-02,32.205,1,0,406
509281,2021-10-09,47.991,2,3,560
509282,2021-10-20,52.964,1,1,906
509283,2021-10-20,33.344,0,1,790
509284,2021-07-29,45.984,2,0,577
509285,2021-02-10,32.854,1,0,649
509286,2021-12-04,36.973,1,0,557
509287,2021-08-11,38.136,1,0,557
509288,2021-11-25,54.184,1,2,1019
509289,2021-12-17,44.157,1,1,734
509290,2021-03-10,36.74,1,2,1059
509291,2021-05-27,28.88,2,0,620
509292,2021-03-12,47.17,2,0,868
509293,2021-01-19,45.137,1,2,781
509294,2021-12-19,34.525,1,0,938
509295,2021-12-04,28.992,1,0,826
509296,2021-12-07,36.049,1,0,957
509297,2021-11-19,26.698,1,0,880
509298,2021-08-25,18.839,1,0,584
509299,2021-07-10,70.68,2,0,912
509300,2021-12-28,75.899,1,3,701
509301,2021-07-21,35.584,1,0,640
509302,2021-08-23,45.511,1,1,885
509303,2021-03-19,32.427,2,1,926
509304,2021-09-30,44.294,1,0,693
509305,2021-10-27,37.023,1,0,717
509306,2021-09-05,38.489,0,0,530
509307,2021-07-01,22.682,0,0,455
509308,2021-03-14,74.861,0,0,736
509309,2021-01-13,20.808,1,3,863
509310,2021-08-17,60.864,0,0,677
509311,2021-09-07,24.668,1,0,1037
509312,2021-10-10,15.018,0,4,673
509313,2021-12-13,53.04,1,2,704
509314,2021-07-01,40.855,1,2,688
509315,2021-10-30,19.189,1,0,957
509316,2021-09-19,55.405,1,3,547
509317,2021-04-12,30.786,1,1,737
509318,2021-11-05,78.089,0,1,661
509319,2021-01-20,19.026,1,2,639
509320,2021-08-07,26.735,1,0,786
509321,2021-12-10,57.911,1,3,700
509322,2021-08-29,29.33,2,4,899
509323,2021-12-09,25.102,1,1,758
509324,2021-01-21,40.553,1,0,880
509325,2021-07-14,57.121,1,2,771
509326,2021-10-12,41.1,1,0,1033
509327,2021-08-23,33.914,2,1,706
509328,2021-11-18,25.26,2,0,726
509329,2021-06-18,28.424,1,2,874
509330,2021-09-07,22.556,0,3,663
509331,2021-06-03,61.584,0,0,870
509332,2021-11-15,49.833,2,1,1181
509333,2021-02-13,19.495,1,2,564
509334,2021-04-03,26.091,1,0,1056
509335,2021-02-05,49.714,1,0,691
509336,2021-09-14,47.612,0,0,1021
509337,2021-03-26,34.266,1,2,863
509338,2021-04-26,37.537,1,0,888
509339,2021-11-02,35.407,0,0,753
509340,2021-05-12,29.009,1,0,735
509341,2021-02-23,57.549,1,0,650
509342,2021-01-08,56.979,2,0,781
509343,2021-03-24,41.174,1,1,727
509344,2021-11-30,21.703,2,0,814
509345,2021-07-20,30.949,1,2,486
509346,2021-12-30,27.281,0,1,764
509347,2021-03-20,32.958,2,2,967
509348,2021-05-09,38.399,1,0,950
509349,2021-03-01,73.53,1,1,764
509350,2021-05-26,37.575,1,2,1201
509351,2021-07-25,19.631,1,0,676
509352,2021-10-22,48.112,2,0,764
509353,2021-05-15,18.342,0,0,519
509354,2021-10-09,44.314,0,1,687
509355,2021-08-17,29.087,1,0,1102
509356,2021-04-17,45.781,1,3,654
509357,2021-11-29,45.285,1,2,465
509358,2021-06-08,38.975,2,1,917
509359,2021-02-25,22.126,1,4,780
509360,2021-12-18,30.945,2,1,910
509361,2021-11-30,44.51,1,0,727
509362,2021-01-19,38.336,1,0,599
509363,2021-11-26,78.622,1,2,707
509364,2021-12-12,37.626,1,0,880
509365,2021-10-30,48.633,1,3,707
509366,2021-04-04,29.498,2,0,850
509367,2021-08-19,24.024,0,0,683
509368,2021-07-16,57.931,1,2,817
509369,2021-08-15,25.008,1,2,739
509370,2021-08-14,18.155,0,2,613
509371,2021-08-22,19.27,1,0,805
509372,2021-07-07,41.337,2,0,710
509373,2021-09-10,25.117,2,1,871
509374,2021-07-12,17.207,1,3,877
509375,2021-01-07,96.093,0,0,870
509376,2021-01-13,13.764,2,1,466
509377,2021-12-16,29.101,2,0,606
509378,2021-11-28,74.078,1,1,645
509379,2021-08-02,42.78,2,0,637
509380,2021-03-05,100.698,0,4,612
509381,2021-10-13,51.276,1,0,947
509382,2021-02-22,24.56,0,1,886
509383,2021-05-18,48.071,2,2,664
509384,2021-05-01,27.128,1,0,887
509385,2021-01-05,31.221,1,0,839
509386,2021-10-22,23.399,0,1,754
509387,2021-07-06,26.604,0,1,967
509388,2021-04-26,49.471,0,1,641
509389,2021-07-05,23.737,1,1,769
509390,2021-01-01,14.652,0,0,591
509391,2021-06-09,40.831,1,3,539
509392,2021-07-09,31.346,1,0,535
509393,2021-05-04,51.301,2,1,583
509394,2021-10-31,24.041,2,3,735
509395,2021-04-02,53.774,1,3,666
509396,2021-02-20,47.025,1,0,731
509397,2021-07-12,44.149,1,0,726
509398,2021-11-20,19.447,2,1,1079
509399,2021-05-17,35.096,2,0,575
509400,2021-01-18,50.913,1,1,536
509401,2021-12-21,27.283,1,0,628
509402,2021-06-12,13.616,1,0,767
509403,2021-03-05,25.808,2,0,873
509404,2021-08-13,27.694,2,1,871
509405,2021-04-27,26.884,1,2,910
509406,2021-12-09,18.268,2,0,761
509407,2021-04-18,60.541,2,0,709
509408,2021-07-20,54.435,2,0,1074
509409,2021-07-18,23.724,1,1,259
509410,2021-03-30,28.226,1,2,751
509411,2021-07-02,23.607,1,3,797
509412,2021-02-09,42.255,1,3,1057
509413,2021-08-23,22.295,1,0,481
509414,2021-10-04,23.098,1,3,644
509415,2021-12-13,36.61,1,0,536
509416,2021-04-29,24.379,1,1,436
509417,2021-04-15,76.661,1,0,743
509418,2021-07-20,25.553,1,2,890
509419,2021-09-10,47.694,0,2,957
509420,2021-12-29,53.626,1,0,684
509421,2021-01-10,21.199,2,3,840
509422,2021-03-28,30.162,0,3,684
509423,2021-04-06,22.943,2,3,820
509424,2021-04-04,64.9,1,0,988
509425,2021-06-19,33.345,0,4,675
509426,2021-11-15,51.204,1,2,934
509427,2021-01-12,88.523,2,1,542
509428,2021-10-25,76.107,2,0,898
509429,2021-08-14,21.164,0,2,926
509430,2021-08-13,20.174,0,2,907
509431,2021-09-05,20.983,2,1,547
509432,2021-02-12,66.233,1,4,673
509433,2021-09-30,50.566,1,0,834
509434,2021-04-01,48.468,2,1,840
509435,2021-07-08,44.806,1,0,801
509436,2021-09-05,29.109,1,0,1037
509437,2021-08-09,34.618,2,0,547
509438,2021-04-28,40.71,1,0,737
509439,2021-05-25,34.77,1,0,476
509440,2021-06-23,26.156,1,0,892
509441,2021-01-16,71.725,1,0,880
509442,2021-09-23,23.796,2,1,1363
509443,2021-02-06,27.543,1,0,965
509444,2021-06-17,67.564,2,0,840
509445,2021-08-28,54.771,2,0,826
509446,2021-01-30,19.768,1,0,723
509447,2021-12-30,13.054,0,0,803
509448,2021-05-18,21.357,2,3,770
509449,2021-01-06,42.256,1,1,406
509450,2021-08-29,34.175,1,0,815
509451,2021-07-23,41.728,1,0,798
509452,2021-08-22,45.347,2,0,1096
509453,2021-10-02,36.135,1,1,736
509454,2021-06-23,60.613,1,3,582
509455,2021-10-29,46.756,0,0,828
509456,2021-05-16,12.92,1,0,793
509457,2021-07-18,37.145,1,1,736
509458,2021-02-27,31.778,0,0,550
509459,2021-08-15,39.594,1,0,752
509460,2021-04-06,38.172,0,1,656
509461,2021-09-12,17.287,2,1,721
509462,2021-10-20,44.303,1,0,912
509463,2021-11-10,44.549,1,2,619
509464,2021-12-06,18.385,1,0,740
509465,2021-02-14,78.442,1,0,877
509466,2021-02-20,56.119,1,1,712
509467,2021-12-05,24.539,1,1,1230
509468,2021-05-20,21.774,1,1,805
509469,2021-01-10,40.273,1,1,536
509470,2021-04-15,37.838,2,1,609
509471,2021-11-02,42.628,1,3,551
509472,2021-05-10,51.907,1,1,611
509473,2021-01-29,46.938,1,0,877
509474,2021-09-21,23.312,0,2,541
509475,2021-03-13,31.217,2,0,720
509476,2021-05-09,44.995,1,2,946
509477,2021-01-02,29.889,0,0,686
509478,2021-08-08,54.114,1,0,901
509479,2021-06-12,63.911,2,1,457
509480,2021-11-13,24.585,1,1,693
509481,2021-05-03,34.45,1,0,621
509482,2021-03-16,31.288,2,0,834
509483,2021-03-02,28.336,1,2,554
509484,2021-03-15,16.71,2,4,1083
509485,2021-06-14,51.68,2,0,485
509486,2021-02-01,120.768,0,0,984
509487,2021-05-27,48.412,2,0,938
509488,2021-11-08,106.245,2,0,836
509489,2021-10-08,59.446,1,0,790
509490,2021-08-21,25.182,2,2,1074
509491,2021-11-22,51.786,0,0,1225
509492,2021-10-12,49.838,1,0,743
509493,2021-08-27,55.383,1,0,808
509494,2021-11-12,24.985,1,0,681
509495,2021-02-15,39.636,2,0,570
509496,2021-10-26,74.28,1,0,863
509497,2021-04-18,17.389,2,0,825
509498,2021-09-25,56.854,1,1,470
509499,2021-11-30,59.556,1,0,862
509500,2021-07-01,16.51,1,1,811
509501,2021-02-02,25.591,0,3,612
509502,2021-05-16,36.657,2,0,660
509503,2021-05-29,51.911,1,0,856
509504,2021-12-08,34.414,0,2,1030
509505,2021-12-11,31.691,1,0,852
509506,2021-07-27,37.359,1,0,920
509507,2021-12-13,41.695,2,2,590
509508,2021-06-09,34.199,1,1,685
509509,2021-05-31,67.029,0,3,829
509510,2021-11-02,35.539,1,0,535
509511,2021-09-01,48.851,1,0,817
509512,2021-07-10,22.398,1,0,869
509513,2021-06-16,39.153,0,0,773
509514,2021-09-15,27.861,1,0,837
509515,2021-10-03,28.718,1,0,790
509516,2021-06-29,70.036,1,0,668
509517,2021-01-12,26.024,2,0,568
509518,2021-02-07,27.78,1,0,764
509519,2021-02-22,18.244,1,0,1015
509520,2021-06-18,24.691,1,1,944
509521,2021-08-13,16.308,1,0,718
509522,2021-10-21,60.04,1,2,674
509523,2021-03-26,41.303,1,0,701
509524,2021-10-15,50.302,2,0,701
509525,2021-09-01,41.849,0,3,772
509526,2021-01-19,23.755,2,3,910
509527,2021-05-09,50.55,1,0,1187
509528,2021-04-21,32.092,2,0,631
509529,2021-11-20,44.534,1,2,857
509530,2021-12-03,10.24,0,0,878
509531,2021-10-27,19.43,2,0,721
509532,2021-07-12,30.97,1,0,595
509533,2021-06-29,40.168,1,0,830
509534,2021-04-24,17.391,1,2,1122
509535,2021-10-10,99.322,0,1,808
509536,2021-02-01,61.78,1,0,638
509537,2021-04-09,62.87,2,0,752
509538,2021-02-19,68.833,1,0,575
509539,2021-06-30,45.62,1,1,763
509540,2021-04-20,19.412,0,3,843
509541,2021-03-14,44.312,2,0,655
509542,2021-05-18,27.484,2,2,180
509543,2021-11-11,32.478,0,0,830
509544,2021-07-23,52.462,1,1,670
509545,2021-10-28,27.164,2,0,645
509546,2021-11-30,26.531,2,0,643
509547,2021-11-26,53.936,1,0,852
509548,2021-05-09,23.728,1,2,667
509549,2021-11-17,31.365,0,0,947
509550,2021-11-28,33.7,1,0,951
509551,2021-12-17,45.414,2,3,671
509552,2021-05-09,47.025,0,2,646
509553,2021-03-25,30.089,1,0,803
509554,2021-08-02,16.485,2,0,754
509555,2021-12-07,61.004,2,2,425
509556,2021-11-25,14.991,0,0,1125
509557,2021-07-28,48.576,1,0,909
509558,2021-02-24,34.265,1,0,697
509559,2021-06-04,39.373,2,0,435
509560,2021-09-18,41.018,0,1,728
509561,2021-07-24,31.744,0,2,634
509562,2021-05-07,34.72,2,0,769
509563,2021-05-06,40.665,1,4,321
509564,2021-01-22,47.948,1,1,675
509565,2021-04-16,12.199,1,1,686
509566,2021-09-02,33.931,1,0,745
509567,2021-03-30,50.164,1,0,737
509568,2021-12-29,26.57,0,1,769
509569,2021-01-31,51.399,1,1,1034
509570,2021-08-03,55.411,0,0,687
509571,2021-07-01,42.479,0,0,616
509572,2021-11-01,37.008,1,0,469
509573,2021-11-21,19.008,2,0,688
509574,2021-07-18,34.571,1,0,528
509575,2021-08-19,45.1,2,0,953
509576,2021-09-13,28.752,2,0,763
509577,2021-07-10,34.197,1,2,909
509578,2021-03-09,44.625,0,2,1004
509579,2021-06-06,42.309,2,0,624
509580,2021-03-30,44.463,1,0,717
509581,2021-06-19,18.513,1,0,1020
509582,2021-08-13,43.605,1,0,814
509583,2021-03-18,19.865,2,2,834
509584,2021-04-02,31.01,2,0,966
509585,2021-10-28,82.082,0,2,901
509586,2021-05-18,51.314,1,0,854
509587,2021-03-14,40.542,1,4,961
509588,2021-09-18,23.537,2,2,728
509589,2021-09-19,73.612,1,1,853
509590,2021-10-29,39.044,0,3,688
509591,2021-10-05,11.97,1,0,964
509592,2021-12-29,25.777,1,0,654
509593,2021-07-29,39.588,1,0,477
509594,2021-04-15,30.99,0,2,858
509595,2021-11-11,63.22,1,2,556
509596,2021-04-07,20.995,1,0,579
509597,2021-04-17,47.105,1,1,988
509598,2021-10-30,26.383,2,0,954
509599,2021-11-18,37.572,0,0,718
509600,2021-05-04,26.48,2,1,212
509601,2021-09-24,41.66,1,0,876
509602,2021-12-03,69.042,2,0,899
509603,2021-10-19,16.848,0,2,833
509604,2021-01-02,88.394,1,0,865
509605,2021-08-31,192.689,1,0,747
509606,2021-03-04,33.46,0,0,706
509607,2021-11-05,65.669,1,0,581
509608,2021-01-25,57.551,1,1,634
509609,2021-12-29,48.493,1,2,798
509610,2021-03-06,25.592,1,0,841
509611,2021-06-03,21.293,0,2,882
509612,2021-03-27,27.664,1,2,487
509613,2021-10-25,28.321,1,2,441
509614,2021-05-24,20.52,1,1,692
509615,2021-09-29,24.556,1,0,596
509616,2021-01-25,55.573,1,2,773
509617,2021-06-15,70.134,1,0,544
509618,2021-11-29,23.961,0,0,992
509619,2021-12-05,104.972,0,0,632
509620,2021-03-18,18.346,2,0,1067
509621,2021-05-24,20.533,1,0,874
509622,2021-05-30,16.103,2,3,530
509623,2021-07-26,18.174,2,0,1157
509624,2021-07-16,60.246,0,0,828
509625,2021-02-08,27.341,1,3,750
509626,2021-10-06,34.266,1,0,768
509627,2021-03-24,29.709,2,0,864
509628,2021-04-25,22.068,2,2,835
509629,2021-11-03,15.664,0,3,564
509630,2021-09-09,14.894,1,1,722
509631,2021-05-25,30.459,1,0,801
509632,2021-11-30,49.448,1,0,885
509633,2021-05-24,24.691,0,2,848
509634,2021-07-26,11.52,2,3,750
509635,2021-03-31,49.81,1,0,681
509636,2021-03-08,49.262,1,2,632
509637,2021-06-29,16.797,2,1,546
509638,2021-07-25,18.99,1,0,887
509639,2021-10-22,46.232,1,0,669
509640,2021-05-23,12.924,1,0,745
509641,2021-11-23,16.997,1,3,763
509642,2021-08-10,71.916,2,0,781
509643,2021-01-26,24.863,1,1,759
509644,2021-09-27,33.183,2,0,617
509645,2021-07-29,18.762,1,2,788
509646,2021-05-23,54.633,1,0,724
509647,2021-06-20,37.544,1,3,704
509648,2021-04-21,56.816,0,0,988
509649,2021-08-13,23.86,1,2,831
509650,2021-07-26,23.384,1,1,657
509651,2021-06-13,30.732,0,0,753
509652,2021-04-15,21.472,1,3,1008
509653,2021-05-26,25.625,2,0,725
509654,2021-07-01,21.403,1,3,727
509655,2021-06-22,20.532,1,0,900
509656,2021-04-23,46.792,1,1,799
509657,2021-08-01,39.71,0,3,653
509658,2021-03-24,19.948,1,3,586
509659,2021-07-02,86.49,1,0,778
509660,2021-02-14,27.614,1,0,898
509661,2021-06-22,46.271,1,2,978
509662,2021-10-14,9.932,1,0,516
509663,2021-10-26,27.476,1,3,1037
509664,2021-09-11,14.345,1,0,728
509665,2021-09-30,25.365,2,0,946
509666,2021-01-25,38.111,0,2,607
509667,2021-05-05,36.914,0,0,490
509668,2021-08-27,22.895,0,0,544
509669,2021-10-20,32.978,1,0,720
509670,2021-08-01,38.191,1,4,804
509671,2021-11-08,25.485,2,1,766
509672,2021-04-10,43.837,1,4,665
509673,2021-02-26,35.441,1,0,981
509674,2021-02-01,25.344,1,0,780
509675,2021-08-01,73.621,1,0,830
509676,2021-08-31,32.806,0,0,1340
509677,2021-04-15,20.557,1,0,779
509678,2021-10-14,60.404,2,0,655
509679,2021-09-27,42.856,1,0,867
509680,2021-05-12,13.625,1,1,892
509681,2021-03-29,13.279,2,0,834
509682,2021-09-28,41.287,2,0,808
509683,2021-09-03,23.542,1,0,1047
509684,2021-03-04,37.075,1,0,1024
509685,2021-04-04,30.247,2,2,719
509686,2021-06-27,41.421,1,2,624
509687,2021-07-06,45.875,1,2,817
509688,2021-03-02,16.395,1,0,663
509689,2021-12-13,20.558,1,0,939
509690,2021-05-22,66.31,0,2,816
509691,2021-05-20,38.254,0,3,1201
509692,2021-01-23,44.242,1,0,1045
509693,2021-11-16,94.776,1,0,586
509694,2021-03-27,55.754,1,2,647
509695,2021-12-27,34.136,1,4,365
509696,2021-07-01,19.511,1,0,395
509697,2021-11-16,57.027,1,0,800
509698,2021-03-07,59.547,0,2,525
509699,2021-03-02,42.18,1,1,1055
509700,2021-10-20,80.698,1,0,988
509701,2021-10-27,39.753,1,0,731
509702,2021-07-18,36.77,2,1,701
509703,2021-01-12,61.279,1,1,1027
509704,2021-12-11,42.849,1,2,1049
509705,2021-05-24,46.869,2,0,612
509706,2021-12-08,13.298,1,0,589
509707,2021-11-14,39.864,1,1,706
509708,2021-11-07,27.946,1,0,858
509709,2021-09-09,30.788,2,0,688
509710,2021-09-03,36.782,1,0,861
509711,2021-07-14,29.768,2,0,1131
509712,2021-01-10,48.777,0,2,487
509713,2021-05-22,19.277,2,0,700
509714,2021-09-24,15.16,1,2,490
509715,2021-10-24,33.319,0,1,609
509716,2021-07-24,60.471,1,0,727
509717,2021-09-16,26.722,0,3,589
509718,2021-01-08,31.898,0,0,874
509719,2021-06-20,30.032,1,2,767
509720,2021-07-05,125.67,1,0,834
509721,2021-11-22,53.376,1,4,655
509722,2021-04-24,29.472,2,0,741
509723,2021-03-25,32.468,1,1,697
509724,2021-05-09,24.52,1,0,735
509725,2021-03-04,80.804,1,0,855
509726,2021-07-23,17.491,1,0,434
509727,2021-08-23,22.496,0,0,832
509728,2021-10-20,52.105,1,0,624
509729,2021-12-21,75.17,2,0,719
509730,2021-01-27,35.378,2,1,479
509731,2021-04-01,30.875,0,0,715
509732,2021-04-20,35.545,1,0,830
509733,2021-04-02,35.091,0,3,802
509734,2021-10-29,108.461,1,1,546
509735,2021-02-20,42.589,0,0,854
509736,2021-01-11,28.975,2,0,985
509737,2021-11-11,43.11,1,0,691
509738,2021-12-17,54.4,1,1,760
509739,2021-03-24,23.068,2,2,368
509740,2021-05-02,38.037,0,1,599
509741,2021-07-03,35.369,1,4,759
509742,2021-07-11,21.268,0,1,932
509743,2021-12-28,29.782,1,4,602
509744,2021-05-28,28.728,1,1,1240
509745,2021-01-05,28.534,2,1,817
509746,2021-06-04,82.862,1,1,531
509747,2021-07-23,34.6,0,2,972
509748,2021-07-08,40.918,0,0,554
509749,2021-07-06,47.03,1,0,839
509750,2021-12-03,32.278,0,0,613
509751,2021-10-22,28.653,2,0,536
509752,2021-04-02,66.386,1,3,893
509753,2021-05-10,72.147,2,1,713
509754,2021-09-01,54.218,0,0,1091
509755,2021-05-30,33.296,1,0,597
509756,2021-06-06,42.215,2,0,499
509757,2021-03-03,23.18,1,2,654
509758,2021-04-03,36.563,1,3,1240
509759,2021-09-28,20.608,0,0,930
509760,2021-11-04,47.598,1,0,880
509761,2021-10-14,71.197,1,3,826
509762,2021-04-23,22.132,1,1,673
509763,2021-02-19,87.081,2,2,1231
509764,2021-02-28,56.53,1,0,862
509765,2021-05-24,24.663,0,0,846
509766,2021-07-08,41.254,1,1,937
509767,2021-11-22,69.944,1,0,551
509768,2021-11-25,59.902,1,2,582
509769,2021-01-01,59.078,0,2,696
509770,2021-09-16,34.195,1,0,958
509771,2021-04-20,27.346,1,0,546
509772,2021-03-14,34.269,1,2,728
509773,2021-07-22,36.765,2,3,682
509774,2021-01-13,32.727,2,0,497
509775,2021-05-02,31.035,1,2,648
509776,2021-07-21,21.112,2,0,878
509777,2021-04-10,46.768,2,3,453
509778,2021-08-05,25.973,1,1,1014
509779,2021-06-17,50.286,1,0,864
509780,2021-10-19,31.199,0,1,822
509781,2021-03-08,34.184,1,1,761
509782,2021-01-21,21.005,1,1,563
509783,2021-07-13,41.92,1,0,663
509784,2021-04-04,32.468,1,1,825
509785,2021-09-15,20.995,1,2,623
509786,2021-02-04,29.993,1,0,814
509787,2021-07-29,25.776,2,0,618
509788,2021-12-28,16.705,0,3,801
509789,2021-02-03,47.623,1,1,855
509790,2021-04-21,19.834,1,0,487
509791,2021-11-05,41.644,1,3,732
509792,2021-07-14,109.652,0,0,506
509793,2021-03-05,26.106,2,2,405
509794,2021-03-19,51.484,1,0,673
509795,2021-10-07,34.434,2,0,1283
509796,2021-11-11,39.152,1,4,850
509797,2021-05-12,15.456,2,2,991
509798,2021-06-22,39.966,1,0,890
509799,2021-10-13,35.587,2,3,757
509800,2021-03-06,100.456,1,3,881
509801,2021-03-17,13.675,1,2,625
509802,2021-10-10,28.158,1,0,865
509803,2021-03-10,52.882,0,0,992
509804,2021-10-09,59.297,1,2,866
509805,2021-07-01,33.075,1,3,944
509806,2021-12-28,63.681,1,0,813
509807,2021-01-13,42.202,0,0,1085
509808,2021-12-12,37.205,1,0,743
509809,2021-03-24,15.251,1,0,1161
509810,2021-01-13,46.447,2,1,863
509811,2021-09-22,65.798,0,0,711
509812,2021-07-14,22.86,1,1,548
509813,2021-11-02,29.267,1,1,615
509814,2021-02-09,18.501,1,0,607
509815,2021-01-30,49.099,2,3,704
509816,2021-07-27,32.529,0,0,551
509817,2021-11-18,51.927,2,0,1013
509818,2021-05-29,33.806,1,0,800
509819,2021-10-19,31.833,1,0,793
509820,2021-11-27,40.18,1,0,570
509821,2021-11-14,42.496,2,3,582
509822,2021-07-05,35.36,0,0,380
509823,2021-09-12,42.378,1,0,1071
509824,2021-07-11,77.947,2,2,485
509825,2021-09-04,52.646,2,3,478
509826,2021-07-26,77.133,2,0,1034
509827,2021-07-11,21.28,0,0,850
509828,2021-06-09,24.903,2,0,802
509829,2021-08-27,59.382,2,0,841
509830,2021-10-02,22.202,2,0,952
509831,2021-12-02,75.62,1,1,778
509832,2021-08-12,26.43,1,0,502
509833,2021-02-06,31.155,1,0,912
509834,2021-08-03,27.564,1,2,816
509835,2021-04-26,35.193,1,0,991
509836,2021-01-10,76.019,0,0,555
509837,2021-01-27,62.074,1,2,609
509838,2021-08-04,84.453,1,0,851
509839,2021-12-11,97.725,1,0,610
509840,2021-07-04,27.74,1,0,356
509841,2021-06-12,22.643,1,1,796
509842,2021-02-02,44.899,1,1,921
509843,2021-09-04,38.501,1,0,757
509844,2021-01-21,18.039,0,0,879
509845,2021-11-04,59.534,1,0,853
509846,2021-10-25,21.911,0,0,782
509847,2021-12-28,28.536,1,2,764
509848,2021-04-14,59.039,0,4,953
509849,2021-03-01,43.335,1,0,606
509850,2021-04-20,37.288,0,0,919
509851,2021-10-19,39.402,1,2,527
509852,2021-03-21,55.261,0,0,637
509853,2021-11-20,25.352,1,0,995
509854,2021-02-26,40.532,1,3,502
509855,2021-01-18,34.934,2,0,737
509856,2021-03-22,42.655,1,0,1205
509857,2021-10-03,60.701,1,0,965
509858,2021-08-08,40.63,1,1,627
509859,2021-05-10,69.794,1,1,658
509860,2021-08-28,28.013,1,0,749
509861,2021-08-25,34.244,1,1,996
509862,2021-07-22,16.767,0,0,600
509863,2021-07-07,22.016,1,3,529
509864,2021-02-07,29.579,1,0,908
509865,2021-04-05,43.323,1,0,477
509866,2021-07-12,28.507,1,1,596
509867,2021-02-19,21.185,2,0,765
509868,2021-06-23,48.904,1,1,754
509869,2021-02-12,17.033,1,0,534
509870,2021-10-15,16.91,1,0,844
509871,2021-02-07,24.207,1,0,880
509872,2021-02-03,41.812,2,0,661
509873,2021-08-21,23.647,0,0,1079
509874,2021-03-22,42.711,0,0,841
509875,2021-05-09,46.596,1,0,599
509876,2021-04-25,40.283,1,2,1032
509877,2021-03-21,91.705,1,1,666
509878,2021-10-06,35.792,1,0,812
509879,2021-09-10,68.441,2,0,692
509880,2021-03-29,46.356,2,0,892
509881,2021-09-08,29.338,1,0,693
509882,2021-09-18,25.075,0,0,704
509883,2021-07-16,35.766,1,0,751
509884,2021-07-31,22.631,1,4,620
509885,2021-12-08,32.051,0,2,933
509886,2021-06-15,32.773,1,0,554
509887,2021-05-21,61.311,2,0,773
509888,2021-07-16,25.429,1,0,796
509889,2021-11-02,50.438,2,0,758
509890,2021-09-16,23.281,1,0,954
509891,2021-01-28,61.316,1,0,509
509892,2021-06-17,69.187,0,0,882
509893,2021-09-28,24.816,1,0,556
509894,2021-03-23,38.089,1,1,668
509895,2021-12-27,132.822,2,0,537
509896,2021-10-22,24.348,0,3,660
509897,2021-11-06,18.739,1,0,676
509898,2021-01-30,38.751,1,0,1075
509899,2021-07-31,21.667,1,0,823
509900,2021-07-12,41.401,2,0,859
509901,2021-08-17,51.49,1,0,581
509902,2021-11-07,22.081,0,0,913
509903,2021-05-09,18.053,1,0,1075
509904,2021-07-14,57.187,1,0,937
509905,2021-09-06,76.369,1,0,544
509906,2021-10-02,29.57,1,1,676
509907,2021-10-09,74.611,1,1,780
509908,2021-05-03,75.083,1,1,656
509909,2021-12-31,46.793,0,3,1176
509910,2021-01-04,39.14,0,0,693
509911,2021-06-29,46.084,0,3,712
509912,2021-08-11,51.68,2,0,672
509913,2021-01-23,12.745,2,0,822
509914,2021-06-14,33.864,1,1,1009
509915,2021-08-06,19.421,1,0,801
509916,2021-08-10,25.07,0,0,741
509917,2021-02-13,40.44,1,0,587
509918,2021-04-12,39.649,1,0,998
509919,2021-03-31,36.592,1,0,754
509920,2021-08-22,33.324,0,2,706
509921,2021-05-01,30.572,1,0,359
509922,2021-07-28,34.801,1,0,757
509923,2021-09-24,67.179,0,0,708
509924,2021-10-19,46.803,1,3,391
509925,2021-03-09,22.946,0,3,898
509926,2021-11-26,29.264,1,1,664
509927,2021-03-02,47.652,1,0,1121
509928,2021-01-08,31.941,1,0,1035
509929,2021-01-17,45.418,1,0,650
509930,2021-03-15,40.565,2,2,986
509931,2021-11-15,38.483,2,0,1070
509932,2021-03-17,60.887,1,2,639
509933,2021-09-11,43.196,1,0,594
509934,2021-06-02,84.411,1,2,352
509935,2021-01-15,25.993,1,0,848
509936,2021-06-12,23.179,1,0,605
509937,2021-01-11,43.122,1,0,854
509938,2021-06-23,33.378,0,1,658
509939,2021-07-23,36.049,0,3,580
509940,2021-07-10,41.136,1,0,679
509941,2021-04-14,18.992,2,3,486
509942,2021-10-07,13.13,1,0,679
509943,2021-08-06,48.414,1,0,647
509944,2021-04-03,18.907,1,0,777
509945,2021-06-08,27.825,1,0,799
509946,2021-02-09,31.722,1,2,547
509947,2021-12-04,34.729,1,0,978
509948,2021-10-02,49.767,1,0,751
509949,2021-04-16,47.229,2,0,1050
509950,2021-09-04,37.757,1,1,803
509951,2021-09-05,43.856,0,3,732
509952,2021-08-11,20.514,0,2,652
509953,2021-01-20,29.171,1,0,891
509954,2021-11-17,199.349,2,0,786
509955,2021-12-15,37.485,1,0,935
509956,2021-12-22,50.444,2,3,1009
509957,2021-12-24,21.5,1,0,649
509958,2021-12-06,44.887,2,3,830
509959,2021-09-27,30.598,1,2,845
509960,2021-01-21,28.097,2,1,842
509961,2021-06-19,71.9,0,2,662
509962,2021-03-31,70.032,2,0,706
509963,2021-03-22,32.833,1,0,675
509964,2021-10-31,45.605,1,0,671
509965,2021-10-24,28.049,0,0,629
509966,2021-07-10,22.011,1,1,741
509967,2021-09-26,41.048,2,0,644
509968,2021-02-17,36.071,1,3,798
509969,2021-03-23,54.527,2,3,730
509970,2021-11-11,45.817,1,0,810
509971,2021-06-14,21.356,1,0,731
509972,2021-07-19,13.983,1,0,792
509973,2021-06-18,33.721,1,0,735
509974,2021-03-15,20.101,0,1,900
509975,2021-10-29,34.199,0,1,680
509976,2021-10-04,45.17,1,1,828
509977,2021-09-07,41.976,1,0,545
509978,2021-05-09,29.034,0,2,868
509979,2021-08-23,43.192,1,1,659
509980,2021-12-14,62.85,1,4,546
509981,2021-08-26,41.435,1,2,535
509982,2021-06-30,43.741,1,1,541
509983,2021-04-09,28.537,0,0,693
509984,2021-07-10,37.298,2,2,1010
509985,2021-05-16,66.774,1,0,664
509986,2021-08-12,34.454,1,0,382
509987,2021-01-17,31.065,2,0,846
509988,2021-03-11,58.264,1,0,579
509989,2021-10-15,31.382,1,0,927
509990,2021-05-19,47.936,2,0,704
509991,2021-06-08,38.427,2,2,691
509992,2021-07-18,43.674,0,1,976
509993,2021-06-09,51.994,2,3,831
509994,2021-10-04,62.162,2,2,516
509995,2021-03-31,57.604,0,0,582
509996,2021-10-04,62.7,1,2,419
509997,2021-03-18,37.684,1,1,1229
509998,2021-05-16,20.805,2,0,625
509999,2021-08-03,39.947,1,4,921
510000,2021-11-20,130.433,1,3,624
510001,2021-03-26,34.323,0,0,586
510002,2021-08-03,16.72,1,2,744
510003,2021-01-24,122.347,1,0,721
510004,2021-01-28,46.858,0,3,864
510005,2021-10-08,23.915,2,1,907
510006,2021-09-20,21.263,1,0,674
510007,2021-05-18,37.669,1,2,481
510008,2021-08-16,57.605,2,0,565
510009,2021-05-19,55.67,1,0,369
510010,2021-04-12,50.417,0,2,691
510011,2021-06-07,18.075,2,2,738
510012,2021-04-24,21.262,0,0,574
510013,2021-10-25,36.643,2,1,533
510014,2021-05-31,60.126,1,0,777
510015,2021-04-28,29.709,0,0,666
510016,2021-07-15,13.529,1,1,722
510017,2021-10-04,52.885,0,0,714
510018,2021-04-10,10.674,1,0,825
510019,2021-12-09,27.927,2,3,618
510020,2021-06-19,50.301,1,2,652
510021,2021-08-30,53.161,1,1,421
510022,2021-12-16,17.433,0,1,751
510023,2021-06-07,52.47,1,3,736
510024,2021-03-14,67.07,1,2,708
510025,2021-09-30,46.063,2,0,1124
510026,2021-01-03,33.317,1,0,809
510027,2021-06-17,44.529,1,0,752
510028,2021-12-24,26.681,1,0,870
510029,2021-06-01,60.331,0,0,1160
510030,2021-09-07,75.112,1,1,805
510031,2021-07-11,29.195,1,2,340
510032,2021-03-20,57.285,2,3,798
510033,2021-04-26,58.764,2,0,622
510034,2021-07-11,35.296,1,0,434
510035,2021-02-08,14.08,1,0,1086
510036,2021-06-01,38.551,1,0,1047
510037,2021-06-01,10.391,2,0,617
510038,2021-11-01,74.582,1,4,548
510039,2021-02-15,48.715,0,0,809
510040,2021-11-04,29.893,0,2,581
510041,2021-05-30,65.702,1,0,756
510042,2021-08-26,20.111,1,0,652
510043,2021-07-23,60.104,0,3,648
510044,2021-04-20,36.658,0,3,467
510045,2021-12-06,38.098,1,0,929
510046,2021-03-23,28.753,1,3,937
510047,2021-01-14,32.121,2,0,762
510048,2021-10-01,51.498,1,2,733
510049,2021-08-15,23.37,2,0,893
510050,2021-11-22,20.153,0,0,780
510051,2021-06-17,58.416,1,1,1071
510052,2021-01-07,50.676,1,2,503
510053,2021-01-08,22.352,2,2,895
510054,2021-06-08,36.829,1,0,759
510055,2021-04-02,36.149,1,2,538
510056,2021-12-03,29.371,2,0,1184
510057,2021-02-13,36.732,1,0,1209
510058,2021-11-18,34.578,2,0,743
510059,2021-03-21,52.589,2,0,860
510060,2021-02-13,42.292,2,0,695
510061,2021-04-11,27.455,1,1,704
510062,2021-02-22,27.166,1,0,576
510063,2021-05-27,44.766,1,1,530
510064,2021-05-01,17.096,1,0,1112
510065,2021-07-13,21.508,1,1,753
510066,2021-07-16,32.221,0,0,789
510067,2021-01-01,33.976,2,0,634
510068,2021-02-15,57.418,2,1,794
510069,2021-03-01,17.067,2,3,449
510070,2021-03-13,29.492,0,4,571
510071,2021-02-04,35.931,0,0,564
510072,2021-04-25,27.894,1,3,953
510073,2021-07-20,24.239,1,1,463
510074,2021-04-23,25.503,1,3,508
510075,2021-05-01,40.391,1,0,411
510076,2021-06-21,31.893,1,0,620
510077,2021-07-20,29.532,1,0,697
510078,2021-05-01,20.791,0,2,916
510079,2021-03-22,93.057,1,0,740
510080,2021-05-30,37.378,2,0,706
510081,2021-01-09,72.589,1,1,814
510082,2021-06-29,30.818,1,3,640
510083,2021-12-10,38.844,0,1,1194
510084,2021-05-26,46.224,1,1,654
510085,2021-02-09,31.485,1,0,854
510086,2021-09-16,36.927,1,3,869
510087,2021-02-16,38.938,1,0,668
510088,2021-03-12,30.17,0,0,810
510089,2021-02-23,31.788,1,0,690
510090,2021-11-19,57.421,0,0,829
510091,2021-12-25,23.074,1,1,778
510092,2021-07-27,74.364,0,1,735
510093,2021-08-14,45.536,1,0,572
510094,2021-08-24,30.769,0,0,1115
510095,2021-08-11,61.741,1,0,886
510096,2021-07-18,48.648,2,0,494
510097,2021-12-27,40.652,1,3,644
510098,2021-09-25,35.196,2,1,478
510099,2021-02-02,16.897,0,0,917
510100,2021-05-24,30.266,1,0,776
510101,2021-12-22,35.625,1,2,741
510102,2021-05-28,40.839,1,2,588
510103,2021-03-16,34.485,1,3,663
510104,2021-11-13,46.24,1,0,922
510105,2021-08-16,30.78,1,0,970
510106,2021-07-25,44.748,1,0,932
510107,2021-06-03,91.725,0,2,461
510108,2021-02-15,39.207,1,0,746
510109,2021-05-21,34.053,1,1,806
510110,2021-06-09,35.223,1,0,648
510111,2021-12-06,47.434,1,2,441
510112,2021-04-23,40.529,2,0,548
510113,2021-02-24,49.576,1,2,1010
510114,2021-06-06,53.462,1,0,566
510115,2021-12-30,73.593,0,2,749
510116,2021-06-26,43.54,1,0,752
510117,2021-05-19,37.892,1,1,732
510118,2021-09-01,47.752,0,2,682
510119,2021-08-25,35.418,1,0,922
510120,2021-04-20,41.703,2,0,786
510121,2021-12-20,73.245,2,0,667
510122,2021-08-05,28.721,1,0,789
510123,2021-01-22,23.257,2,1,530
510124,2021-05-29,35.812,1,0,866
510125,2021-12-03,38.666,1,0,657
510126,2021-05-24,57.072,2,0,668
510127,2021-07-27,32.87,2,0,872
510128,2021-08-12,29.809,1,0,707
510129,2021-09-15,26.066,2,1,697
510130,2021-11-15,25.384,0,0,990
510131,2021-02-24,24.262,1,3,545
510132,2021-07-08,20.207,1,2,830
510133,2021-07-14,13.2,1,0,951
510134,2021-02-25,56.62,0,2,950
510135,2021-09-03,39.35,2,1,1152
510136,2021-02-13,87.985,1,1,644
510137,2021-06-16,18.71,1,0,624
510138,2021-05-01,101.631,1,1,907
510139,2021-02-26,32.843,0,0,949
510140,2021-10-28,17.208,2,0,638
510141,2021-03-31,13.517,1,0,867
510142,2021-04-04,26.242,1,0,1270
510143,2021-11-08,55.435,1,1,779
510144,2021-11-17,39.601,1,0,946
510145,2021-01-13,34.342,1,0,1064
510146,2021-04-12,57.274,1,2,1191
510147,2021-09-16,38.135,1,0,824
510148,2021-10-12,17.227,0,0,1006
510149,2021-12-31,62.643,1,0,638
510150,2021-07-22,21.285,1,3,724
510151,2021-01-03,22.138,1,1,680
510152,2021-11-15,38.804,1,1,421
510153,2021-02-28,39.922,1,2,451
510154,2021-02-14,26.695,1,1,837
510155,2021-09-04,16.008,1,2,821
510156,2021-08-09,27.194,1,1,573
510157,2021-01-22,65.712,0,2,1020
510158,2021-03-03,35.663,2,1,560
510159,2021-08-04,57.894,1,0,826
510160,2021-04-04,44.222,1,0,705
510161,2021-09-07,27.335,1,0,799
510162,2021-05-31,25.339,1,0,942
510163,2021-08-03,43.244,1,4,846
510164,2021-06-23,46.063,1,2,867
510165,2021-05-14,37.222,1,2,844
510166,2021-05-05,40.334,1,1,531
510167,2021-09-12,38.633,0,3,924
510168,2021-07-07,34.864,1,1,569
510169,2021-08-05,23.035,1,0,761
510170,2021-07-30,22.391,2,0,717
510171,2021-03-17,55.953,0,0,843
510172,2021-11-30,22.407,1,0,693
510173,2021-07-25,15.045,2,0,751
510174,2021-09-20,30.838,2,0,1071
510175,2021-11-18,37.636,1,0,547
510176,2021-12-04,38.095,1,0,780
510177,2021-09-01,19.826,1,3,519
510178,2021-10-15,57.501,2,0,901
510179,2021-06-22,39.216,1,2,609
510180,2021-09-27,69.169,1,0,787
510181,2021-04-28,34.299,0,4,472
510182,2021-09-17,48.591,1,2,972
510183,2021-02-01,19.33,0,3,733
510184,2021-11-30,8.645,1,0,805
510185,2021-03-31,36.268,1,1,909
510186,2021-08-28,19.173,1,0,555
510187,2021-01-05,51.733,1,0,669
510188,2021-02-26,52.033,1,2,771
510189,2021-12-27,41.469,0,0,463
510190,2021-11-01,23.985,2,0,482
510191,2021-03-23,33.796,2,3,572
510192,2021-02-17,44.901,2,0,575
510193,2021-10-25,44.137,0,1,698
510194,2021-12-28,27.439,0,0,874
510195,2021-03-03,14.967,0,0,915
510196,2021-08-31,42.717,2,0,1106
510197,2021-04-14,41.483,2,0,776
510198,2021-09-29,45.698,0,2,768
510199,2021-06-02,34.39,0,3,716
510200,2021-02-15,40.154,1,0,838
510201,2021-04-29,30.68,1,0,852
510202,2021-07-16,33.717,0,2,906
510203,2021-10-19,106.16,0,0,945
510204,2021-01-08,29.925,1,0,873
510205,2021-12-16,30.232,1,0,1052
510206,2021-08-26,48.933,1,2,745
510207,2021-11-16,42.861,1,0,670
510208,2021-12-06,36.396,1,0,699
510209,2021-02-26,23.075,1,3,701
510210,2021-02-04,18.818,1,3,525
510211,2021-10-11,39.173,0,1,650
510212,2021-03-10,32.72,2,1,555
510213,2021-02-24,27.098,0,3,782
510214,2021-06-21,51.123,2,1,824
510215,2021-11-30,51.994,1,2,422
510216,2021-10-18,60.537,1,0,662
510217,2021-07-09,22.062,1,0,1109
510218,2021-03-13,64.883,1,2,853
510219,2021-05-03,15.22,1,1,842
510220,2021-09-09,34.138,0,0,660
510221,2021-02-27,50.006,2,1,812
510222,2021-07-11,23.157,1,2,737
510223,2021-01-05,20.725,2,0,637
510224,2021-04-29,33.484,1,2,651
510225,2021-04-01,86.38,1,0,695
510226,2021-09-06,73.0,1,1,492
510227,2021-11-30,59.371,0,4,472
510228,2021-02-23,20.799,2,2,704
510229,2021-10-19,34.013,1,3,567
510230,2021-08-28,99.845,1,1,706
510231,2021-12-20,52.55,1,0,491
510232,2021-11-29,17.575,2,1,904
510233,2021-02-06,51.395,1,0,1154
510234,2021-09-29,29.708,2,1,945
510235,2021-08-05,30.761,2,0,983
510236,2021-02-11,57.519,1,0,893
510237,2021-04-04,29.746,1,0,828
510238,2021-12-05,27.726,1,0,796
510239,2021-07-18,56.915,1,0,615
510240,2021-05-04,46.709,2,0,904
510241,2021-04-27,40.703,1,0,894
510242,2021-11-02,90.419,1,0,697
510243,2021-04-14,37.419,1,3,815
510244,2021-02-27,41.737,1,0,655
510245,2021-07-29,29.824,1,2,627
510246,2021-12-29,22.682,2,0,920
510247,2021-03-08,18.689,1,2,817
510248,2021-04-04,52.694,1,1,718
510249,2021-06-21,26.43,1,3,657
510250,2021-03-14,103.396,1,3,751
510251,2021-08-26,27.714,1,1,430
510252,2021-04-03,24.928,1,0,644
510253,2021-02-16,40.715,1,0,552
510254,2021-04-06,20.985,2,0,782
510255,2021-12-06,19.733,1,3,916
510256,2021-12-08,46.146,0,3,806
510257,2021-07-04,13.094,0,0,688
510258,2021-05-27,39.129,0,1,633
510259,2021-10-27,38.728,2,0,644
510260,2021-03-12,54.374,0,1,1120
510261,2021-08-27,44.4,1,1,772
510262,2021-09-06,126.579,1,0,816
510263,2021-09-17,28.71,1,3,340
510264,2021-03-21,19.284,1,0,567
510265,2021-09-19,118.637,1,2,732
510266,2021-08-12,37.415,0,1,670
510267,2021-11-16,23.64,0,0,804
510268,2021-03-05,17.191,1,0,802
510269,2021-08-12,30.404,1,0,888
510270,2021-10-30,28.318,0,1,424
510271,2021-04-12,23.465,1,3,521
510272,2021-09-29,15.344,2,0,762
510273,2021-02-06,33.243,1,0,663
510274,2021-09-20,43.744,2,0,724
510275,2021-08-10,21.166,1,0,800
510276,2021-03-12,28.785,1,0,646
510277,2021-01-25,29.566,1,1,795
510278,2021-09-30,41.356,1,0,878
510279,2021-03-30,82.353,1,2,752
510280,2021-07-01,38.482,1,0,910
510281,2021-01-23,21.213,1,1,369
510282,2021-12-18,38.948,1,0,675
510283,2021-07-20,41.111,2,0,941
510284,2021-12-07,20.18,0,0,624
510285,2021-02-28,23.643,1,1,580
510286,2021-03-17,22.304,1,3,697
510287,2021-08-11,32.168,1,0,777
510288,2021-08-09,29.554,1,0,684
510289,2021-10-16,16.727,1,1,1092
510290,2021-12-05,27.751,1,0,832
510291,2021-10-27,33.755,0,2,577
510292,2021-02-21,68.716,0,0,521
510293,2021-04-23,18.699,2,3,793
510294,2021-11-30,24.312,1,1,593
510295,2021-07-20,21.61,2,0,1167
510296,2021-11-13,17.067,1,1,837
510297,2021-07-25,12.486,2,0,881
510298,2021-01-19,50.807,2,1,805
510299,2021-06-22,36.146,2,2,942
510300,2021-10-29,42.939,2,1,329
510301,2021-08-28,40.554,1,0,563
510302,2021-02-18,29.501,1,0,966
510303,2021-03-18,26.148,2,0,1050
510304,2021-11-08,57.407,1,1,538
510305,2021-12-24,47.572,0,1,433
510306,2021-10-02,32.977,1,0,810
510307,2021-02-05,22.49,1,2,827
510308,2021-08-15,35.706,0,2,767
510309,2021-10-30,38.888,2,1,749
510310,2021-08-22,27.148,1,0,447
510311,2021-08-05,38.932,2,0,712
510312,2021-06-20,46.701,1,0,739
510313,2021-03-31,39.593,2,2,641
510314,2021-04-13,52.681,2,2,395
510315,2021-09-30,61.819,1,2,845
510316,2021-01-26,66.278,2,0,936
510317,2021-01-31,33.601,2,1,617
510318,2021-05-25,48.225,1,3,687
510319,2021-10-10,43.447,1,0,691
510320,2021-08-28,50.417,1,0,692
510321,2021-08-04,36.93,1,0,869
510322,2021-07-14,45.735,1,1,853
510323,2021-02-10,22.114,0,0,973
510324,2021-05-02,41.05,1,0,970
510325,2021-01-30,67.683,1,0,749
510326,2021-10-04,80.93,0,2,1252
510327,2021-10-02,30.815,2,2,1019
510328,2021-04-05,76.63,0,2,622
510329,2021-04-17,29.925,0,3,743
510330,2021-04-26,50.273,2,1,403
510331,2021-11-21,36.346,2,2,745
510332,2021-06-28,61.975,0,0,1081
510333,2021-10-06,37.597,2,2,1241
510334,2021-06-13,25.914,2,3,698
510335,2021-09-12,64.657,1,1,820
510336,2021-07-12,28.843,2,0,889
510337,2021-04-12,40.301,1,0,1136
510338,2021-11-16,16.342,0,0,603
510339,2021-09-16,50.788,1,0,1258
510340,2021-10-08,15.496,1,0,723
510341,2021-12-13,31.203,1,0,569
510342,2021-04-01,18.93,1,0,723
510343,2021-02-03,20.509,0,3,574
510344,2021-08-01,34.485,1,1,835
510345,2021-04-30,30.199,1,2,443
510346,2021-06-09,50.243,1,0,805
510347,2021-03-27,29.762,1,0,900
510348,2021-05-26,38.88,2,0,1047
510349,2021-05-24,22.135,1,2,863
510350,2021-05-08,50.478,1,0,1036
510351,2021-09-28,38.757,0,1,651
510352,2021-08-05,44.351,2,0,851
510353,2021-06-23,49.274,2,0,379
510354,2021-02-11,51.644,2,0,759
510355,2021-07-28,49.495,1,0,850
510356,2021-03-05,37.851,0,0,866
510357,2021-04-25,56.381,2,2,457
510358,2021-06-01,42.199,1,0,710
510359,2021-02-21,31.29,1,0,735
510360,2021-05-23,61.657,2,0,703
510361,2021-04-08,53.24,1,4,841
510362,2021-11-07,34.885,1,1,721
510363,2021-11-10,55.244,0,1,778
510364,2021-01-02,42.963,1,0,692
510365,2021-08-08,36.786,1,2,932
510366,2021-08-22,17.005,2,0,985
510367,2021-05-18,20.893,0,2,684
510368,2021-06-21,29.043,1,2,1253
510369,2021-10-16,41.761,2,0,642
510370,2021-05-18,20.995,2,0,961
510371,2021-01-24,13.645,2,0,609
510372,2021-05-16,33.423,2,0,919
510373,2021-04-03,35.136,0,0,905
510374,2021-05-20,58.337,1,0,598
510375,2021-03-25,79.35,1,0,756
510376,2021-02-24,22.705,0,1,1096
510377,2021-12-26,46.983,1,0,633
510378,2021-02-17,117.993,1,1,832
510379,2021-09-15,19.345,1,0,840
510380,2021-09-19,22.553,2,0,772
510381,2021-08-14,55.825,1,0,468
510382,2021-11-29,38.071,0,3,869
510383,2021-01-02,40.809,2,0,782
510384,2021-04-21,47.193,1,1,959
510385,2021-03-09,47.851,1,2,782
510386,2021-07-30,43.196,1,1,772
510387,2021-08-20,44.741,0,0,847
510388,2021-11-24,22.366,2,0,602
510389,2021-05-19,65.417,1,1,1040
510390,2021-03-28,74.327,1,1,692
510391,2021-12-04,60.756,0,2,675
510392,2021-09-03,44.692,2,1,993
510393,2021-10-07,81.822,2,0,825
510394,2021-06-12,43.229,1,2,697
510395,2021-06-13,67.632,1,1,834
510396,2021-05-23,71.236,1,4,823
510397,2021-10-01,29.994,1,2,719
510398,2021-03-18,71.418,2,0,946
510399,2021-12-23,20.381,1,1,531
510400,2021-03-06,27.748,0,1,807
510401,2021-06-18,21.361,1,0,924
510402,2021-04-25,15.083,1,0,892
510403,2021-08-23,29.797,2,0,377
510404,2021-09-06,36.314,2,0,757
510405,2021-12-02,31.108,1,1,541
510406,2021-10-16,19.714,2,0,1011
510407,2021-04-01,11.309,1,2,670
510408,2021-03-17,25.27,1,0,991
510409,2021-11-20,23.41,2,2,521
510410,2021-06-28,83.743,1,1,830
510411,2021-02-05,32.305,1,2,741
510412,2021-10-29,88.204,1,0,1278
510413,2021-08-25,23.358,2,3,932
510414,2021-01-10,53.375,1,0,980
510415,2021-10-13,44.867,0,2,1105
510416,2021-08-10,23.089,0,0,831
510417,2021-08-13,40.469,2,0,762
510418,2021-11-12,39.03,1,1,722
510419,2021-06-30,35.869,2,0,839
510420,2021-06-18,19.387,1,0,281
510421,2021-08-14,87.478,1,0,780
510422,2021-03-14,44.688,1,0,821
510423,2021-02-25,25.405,0,4,682
510424,2021-11-04,42.085,1,1,484
510425,2021-03-20,28.434,0,0,753
510426,2021-07-04,61.214,1,2,464
510427,2021-04-09,35.212,2,1,1079
510428,2021-03-26,34.971,2,1,714
510429,2021-08-07,26.41,1,1,389
510430,2021-10-20,52.917,2,0,743
510431,2021-06-11,34.742,2,0,941
510432,2021-02-20,60.191,0,2,772
510433,2021-03-31,47.01,0,2,576
510434,2021-03-02,103.017,2,2,618
510435,2021-11-19,32.863,1,0,728
510436,2021-04-27,24.009,1,2,661
510437,2021-05-17,29.018,1,0,553
510438,2021-01-26,25.817,1,1,748
510439,2021-06-12,24.273,1,0,540
510440,2021-11-30,67.969,1,2,911
510441,2021-05-30,37.115,1,4,903
510442,2021-08-26,37.81,0,0,599
510443,2021-03-08,22.542,1,2,611
510444,2021-02-22,35.78,1,1,684
510445,2021-09-25,12.229,1,0,774
510446,2021-01-24,41.158,1,0,826
510447,2021-06-13,34.71,1,1,843
510448,2021-04-26,82.824,2,0,859
510449,2021-01-06,60.484,2,0,1060
510450,2021-07-13,48.919,2,3,731
510451,2021-12-18,24.155,0,1,526
510452,2021-01-26,44.814,0,2,450
510453,2021-10-25,89.071,1,1,1054
510454,2021-07-16,23.655,1,0,872
510455,2021-09-22,22.412,1,2,777
510456,2021-02-05,41.929,2,0,861
510457,2021-11-14,40.478,2,0,809
510458,2021-01-05,50.03,1,1,838
510459,2021-11-27,43.499,2,3,653
510460,2021-08-29,39.022,1,0,970
510461,2021-05-04,24.296,0,4,616
510462,2021-01-03,84.367,1,2,577
510463,2021-08-11,69.636,1,0,476
510464,2021-02-01,49.135,2,0,737
510465,2021-08-11,71.244,2,0,1008
510466,2021-10-10,35.5,1,1,678
510467,2021-04-08,24.124,2,0,532
510468,2021-03-29,50.598,1,0,831
510469,2021-03-23,20.149,0,0,663
510470,2021-03-24,87.767,1,3,999
510471,2021-02-11,21.489,2,0,973
510472,2021-04-02,67.463,1,0,551
510473,2021-08-29,83.204,1,0,749
510474,2021-04-21,22.787,2,0,644
510475,2021-10-13,21.159,2,0,571
510476,2021-10-27,44.24,1,2,730
510477,2021-10-05,73.444,2,1,907
510478,2021-07-16,49.47,1,0,765
510479,2021-04-26,27.958,1,2,647
510480,2021-12-06,72.406,2,0,383
510481,2021-03-16,97.072,1,2,620
510482,2021-06-19,23.37,2,0,879
510483,2021-06-15,42.934,1,3,478
510484,2021-09-30,46.599,1,3,951
510485,2021-07-19,31.285,1,2,635
510486,2021-10-19,24.182,1,0,815
510487,2021-12-02,22.433,1,0,708
510488,2021-05-23,15.95,1,2,528
510489,2021-11-16,62.44,1,0,859
510490,2021-03-03,27.298,1,0,672
510491,2021-12-01,76.435,1,0,630
510492,2021-03-06,46.228,1,0,352
510493,2021-11-07,34.831,2,0,1014
510494,2021-05-23,69.505,1,0,781
510495,2021-12-19,36.701,1,1,959
510496,2021-02-17,28.029,1,0,892
510497,2021-06-19,47.713,1,0,979
510498,2021-11-26,26.685,1,0,678
510499,2021-01-18,38.732,2,3,473
510500,2021-04-07,44.273,2,1,897
510501,2021-01-31,37.485,0,1,783
510502,2021-04-28,42.824,0,2,656
510503,2021-05-23,44.599,0,1,894
510504,2021-08-14,44.935,1,0,835
510505,2021-04-05,28.645,2,1,875
510506,2021-02-27,22.327,1,0,596
510507,2021-03-04,26.767,1,1,936
510508,2021-12-09,26.21,1,0,779
510509,2021-12-14,46.309,0,3,915
510510,2021-03-22,76.95,1,0,954
510511,2021-03-13,36.436,1,0,904
510512,2021-01-20,62.935,1,1,740
510513,2021-12-17,26.623,1,0,908
510514,2021-09-15,33.208,1,0,980
510515,2021-10-05,36.529,0,2,849
510516,2021-04-17,45.34,0,2,776
510517,2021-08-22,28.204,2,1,888
510518,2021-01-22,50.955,1,0,685
510519,2021-09-04,41.465,1,0,1053
510520,2021-07-31,38.129,1,0,477
510521,2021-05-01,27.943,1,1,766
510522,2021-09-17,17.101,1,1,687
510523,2021-08-24,28.9,1,0,665
510524,2021-06-10,51.031,1,0,835
510525,2021-03-10,15.162,2,0,577
510526,2021-01-09,17.901,1,0,1167
510527,2021-12-09,35.24,1,0,537
510528,2021-04-13,24.116,0,0,609
510529,2021-04-21,153.922,1,0,592
510530,2021-09-06,39.204,1,0,816
510531,2021-04-04,29.331,1,0,963
510532,2021-05-18,58.633,2,0,875
510533,2021-09-17,39.756,1,2,1005
510534,2021-08-06,34.812,1,0,631
510535,2021-08-28,79.85,1,0,899
510536,2021-01-02,13.758,0,0,725
510537,2021-06-14,25.26,1,0,821
510538,2021-06-23,42.362,2,0,980
510539,2021-08-19,22.842,1,0,475
510540,2021-02-25,21.579,1,0,1138
510541,2021-02-28,51.394,0,2,714
510542,2021-10-06,27.726,2,2,451
510543,2021-09-03,41.44,2,0,655
510544,2021-10-24,31.321,2,0,798
510545,2021-04-09,47.663,0,3,595
510546,2021-12-31,31.912,1,0,411
510547,2021-04-10,59.105,0,4,727
510548,2021-08-26,52.776,2,2,610
510549,2021-03-01,25.627,2,0,897
510550,2021-12-02,16.967,1,0,588
510551,2021-05-02,33.951,1,0,1187
510552,2021-10-20,26.43,1,2,832
510553,2021-05-01,25.415,0,0,815
510554,2021-10-16,16.379,2,1,872
510555,2021-06-15,29.148,1,0,452
510556,2021-01-23,36.01,1,2,651
510557,2021-03-11,24.979,0,2,1061
510558,2021-09-07,35.26,1,0,722
510559,2021-03-12,55.184,1,0,769
510560,2021-04-11,78.43,1,0,696
510561,2021-07-17,65.037,0,2,1004
510562,2021-04-03,25.325,2,1,716
510563,2021-02-17,24.983,2,0,555
510564,2021-08-16,18.415,0,2,1204
510565,2021-09-09,50.528,1,0,532
510566,2021-09-25,38.017,1,0,762
510567,2021-12-11,64.309,1,3,568
510568,2021-02-15,37.971,2,0,654
510569,2021-06-05,31.375,1,2,549
510570,2021-03-27,34.242,0,0,683
510571,2021-11-25,33.351,2,1,937
510572,2021-07-17,25.322,0,0,438
510573,2021-02-05,36.371,1,0,1007
510574,2021-09-10,22.432,0,0,976
510575,2021-01-16,63.391,1,1,852
510576,2021-04-11,15.324,1,0,803
510577,2021-09-21,61.942,0,0,830
510578,2021-07-04,27.916,1,0,1036
510579,2021-10-05,9.471,1,0,466
510580,2021-07-28,15.887,1,1,891
510581,2021-11-04,34.658,1,1,626
510582,2021-07-25,29.355,1,1,909
510583,2021-01-21,50.379,2,0,670
510584,2021-01-27,28.905,0,0,907
510585,2021-10-11,46.754,1,0,501
510586,2021-01-15,36.221,1,0,475
510587,2021-05-18,46.873,1,3,700
510588,2021-01-06,51.695,2,0,1038
510589,2021-04-21,42.654,0,3,817
510590,2021-08-06,35.9,2,0,875
510591,2021-03-05,67.703,1,1,915
510592,2021-06-20,35.672,0,1,689
510593,2021-12-30,25.74,0,1,870
510594,2021-01-26,35.077,1,1,656
510595,2021-01-24,41.637,1,0,723
510596,2021-04-10,57.592,1,1,726
510597,2021-10-29,44.878,0,0,682
510598,2021-05-29,48.723,1,0,768
510599,2021-08-22,29.641,0,0,734
510600,2021-01-13,64.937,2,0,653
510601,2021-09-26,34.052,2,3,695
510602,2021-01-25,29.26,1,0,808
510603,2021-09-17,14.816,2,0,582
510604,2021-02-23,45.959,0,0,855
510605,2021-11-10,26.885,1,1,671
510606,2021-04-19,22.547,1,1,796
510607,2021-03-09,19.085,1,3,600
510608,2021-05-03,53.404,0,1,949
510609,2021-01-01,35.907,2,0,952
510610,2021-03-02,44.085,2,0,591
510611,2021-08-07,31.92,1,0,874
510612,2021-04-20,37.43,0,1,1020
510613,2021-05-10,38.95,2,4,539
510614,2021-10-22,20.745,0,0,624
510615,2021-02-15,50.445,1,0,912
510616,2021-05-25,27.948,1,1,525
510617,2021-03-09,27.975,1,1,620
510618,2021-06-26,42.155,1,1,577
510619,2021-05-02,55.769,1,0,915
510620,2021-01-17,26.486,1,0,655
510621,2021-01-26,49.304,2,0,729
510622,2021-11-08,38.547,2,0,645
510623,2021-01-21,33.288,0,1,967
510624,2021-10-13,33.69,2,0,625
510625,2021-12-01,31.852,1,0,527
510626,2021-06-20,44.688,0,3,460
510627,2021-04-24,65.722,2,0,905
510628,2021-10-11,39.913,1,0,918
510629,2021-12-25,30.032,1,3,945
510630,2021-02-13,28.88,0,0,553
510631,2021-12-18,37.649,1,2,698
510632,2021-12-11,28.268,1,0,1217
510633,2021-02-22,14.639,2,2,686
510634,2021-01-20,58.62,1,0,679
510635,2021-09-18,36.758,1,0,776
510636,2021-01-29,32.252,1,3,815
510637,2021-08-08,65.527,0,1,852
510638,2021-01-24,34.163,2,0,669
510639,2021-09-10,42.397,2,0,675
510640,2021-03-26,34.93,0,0,727
510641,2021-02-05,47.817,2,0,649
510642,2021-01-25,27.555,1,0,558
510643,2021-03-10,52.564,1,0,1105
510644,2021-07-17,75.497,0,3,647
510645,2021-01-28,26.81,2,2,677
510646,2021-10-20,47.78,1,3,663
510647,2021-08-09,36.952,1,0,766
510648,2021-04-19,39.238,0,0,858
510649,2021-12-27,43.988,2,1,676
510650,2021-08-29,23.658,1,0,985
510651,2021-09-03,24.518,1,0,888
510652,2021-03-05,30.738,1,2,706
510653,2021-09-17,61.905,0,1,640
510654,2021-07-24,30.529,1,0,975
510655,2021-12-26,43.208,1,0,751
510656,2021-06-24,35.892,0,0,556
510657,2021-09-05,36.808,2,1,944
510658,2021-05-05,38.603,1,0,649
510659,2021-01-15,27.126,0,3,876
510660,2021-02-16,32.655,1,0,327
510661,2021-11-13,29.112,1,0,714
510662,2021-09-27,33.054,0,1,969
510663,2021-05-14,25.017,1,3,721
510664,2021-09-12,73.786,1,2,848
510665,2021-01-02,16.238,1,0,618
510666,2021-01-14,15.651,2,0,843
510667,2021-07-05,43.263,1,1,761
510668,2021-08-17,51.185,0,2,784
510669,2021-12-09,72.121,0,4,1077
510670,2021-10-05,35.249,2,0,1015
510671,2021-04-04,36.84,1,1,903
510672,2021-10-25,43.855,2,0,925
510673,2021-06-29,65.742,0,0,616
510674,2021-10-29,22.783,1,0,695
510675,2021-03-05,38.183,1,0,504
510676,2021-01-10,46.687,2,0,551
510677,2021-01-22,30.117,1,0,620
510678,2021-12-28,44.692,1,1,755
510679,2021-01-30,27.915,0,1,539
510680,2021-12-09,64.517,1,0,773
510681,2021-09-23,16.144,0,1,732
510682,2021-02-23,31.134,0,0,576
510683,2021-11-12,52.766,1,0,1055
510684,2021-02-22,31.54,1,4,472
510685,2021-02-22,52.95,1,0,981
510686,2021-07-30,43.172,1,0,374
510687,2021-04-16,40.883,1,1,734
510688,2021-04-17,45.132,0,0,564
510689,2021-03-13,34.184,1,0,662
510690,2021-08-10,16.95,1,1,1086
510691,2021-01-10,89.131,1,1,698
510692,2021-03-31,61.517,1,0,581
510693,2021-07-22,47.02,1,3,808
510694,2021-06-27,29.731,1,0,716
510695,2021-09-13,44.083,0,0,807
510696,2021-03-20,16.093,2,0,615
510697,2021-08-25,16.458,2,0,624
510698,2021-10-05,103.527,2,4,568
510699,2021-05-22,19.414,0,1,904
510700,2021-04-04,29.007,1,0,739
510701,2021-07-22,37.145,2,0,591
510702,2021-07-31,40.877,2,0,809
510703,2021-02-04,36.758,1,1,774
510704,2021-07-26,28.157,2,0,883
510705,2021-02-26,32.432,1,3,633
510706,2021-07-27,66.371,0,0,766
510707,2021-12-07,48.048,2,0,856
510708,2021-07-16,46.146,1,3,538
510709,2021-10-05,14.189,1,3,880
510710,2021-04-24,45.678,2,0,783
510711,2021-12-03,42.194,1,0,582
510712,2021-10-24,26.272,1,3,520
510713,2021-12-01,79.895,2,1,742
510714,2021-09-28,18.436,0,1,661
510715,2021-08-26,36.209,1,1,896
510716,2021-07-11,54.53,1,3,668
510717,2021-12-05,37.544,1,0,835
510718,2021-11-06,14.476,1,0,627
510719,2021-06-02,79.777,1,0,776
510720,2021-02-01,16.596,1,1,997
510721,2021-01-02,24.173,1,0,753
510722,2021-03-27,54.076,1,0,680
510723,2021-01-23,23.138,1,1,605
510724,2021-03-19,37.124,2,0,777
510725,2021-02-09,21.896,1,3,974
510726,2021-12-25,36.151,2,0,535
510727,2021-02-04,61.177,1,1,751
510728,2021-08-17,17.547,2,1,452
510729,2021-05-09,40.216,2,0,706
510730,2021-03-05,16.13,0,0,827
510731,2021-09-13,90.042,2,0,496
510732,2021-12-21,21.522,1,2,660
510733,2021-10-16,45.977,1,1,812
510734,2021-12-22,39.93,0,0,804
510735,2021-08-04,38.312,1,0,841
510736,2021-09-03,27.86,1,3,545
510737,2021-02-23,19.468,2,0,832
510738,2021-11-08,67.869,1,3,612
510739,2021-09-30,27.857,1,0,909
510740,2021-04-03,38.839,1,0,364
510741,2021-05-10,30.844,0,0,728
510742,2021-08-11,54.473,1,0,798
510743,2021-01-05,89.751,2,3,963
510744,2021-10-26,29.548,0,1,776
510745,2021-04-13,39.149,1,1,794
510746,2021-01-28,59.654,1,1,828
510747,2021-05-01,66.935,1,1,986
510748,2021-11-02,34.292,1,1,691
510749,2021-04-11,33.866,1,1,507
510750,2021-07-16,60.61,2,2,453
510751,2021-10-24,14.78,1,1,880
510752,2021-01-13,59.846,1,0,820
510753,2021-10-05,24.428,2,0,734
510754,2021-04-16,37.335,1,0,675
510755,2021-09-11,42.305,2,0,813
510756,2021-03-10,26.633,2,0,818
510757,2021-02-20,40.254,1,0,866
510758,2021-10-15,30.686,1,0,580
510759,2021-10-22,51.376,0,2,422
510760,2021-12-25,24.13,2,2,576
510761,2021-09-05,26.375,1,0,537
510762,2021-06-20,36.758,1,3,467
510763,2021-03-13,33.843,1,3,1003
510764,2021-04-18,69.731,2,2,332
510765,2021-08-25,34.597,1,0,865
510766,2021-05-07,34.979,1,0,943
510767,2021-06-26,20.313,2,0,958
510768,2021-03-03,38.929,2,1,810
510769,2021-06-10,25.013,1,1,998
510770,2021-03-28,32.807,1,1,1081
510771,2021-02-10,22.703,1,2,686
510772,2021-02-18,42.781,1,3,801
510773,2021-07-09,33.993,1,1,990
510774,2021-05-14,68.221,1,3,565
510775,2021-02-06,21.832,1,2,696
510776,2021-07-07,35.6,2,0,667
510777,2021-03-01,37.352,0,2,823
510778,2021-01-06,31.031,1,0,438
510779,2021-02-18,53.972,1,0,1039
510780,2021-06-13,34.765,2,4,806
510781,2021-12-15,20.425,1,0,886
510782,2021-03-30,41.701,1,0,355
510783,2021-04-14,77.823,1,3,533
510784,2021-03-30,26.372,1,0,1048
510785,2021-05-10,34.726,1,0,748
510786,2021-09-19,39.282,1,0,470
510787,2021-04-28,54.71,0,0,820
510788,2021-08-29,51.49,2,0,902
510789,2021-11-24,41.555,1,0,876
510790,2021-12-12,29.104,1,2,713
510791,2021-07-25,28.184,1,0,984
510792,2021-09-18,45.419,0,1,634
510793,2021-12-02,30.158,2,0,877
510794,2021-10-15,21.79,1,0,804
510795,2021-04-20,32.109,1,1,736
510796,2021-02-18,27.633,1,0,712
510797,2021-02-11,29.385,1,0,718
510798,2021-11-18,50.791,1,0,786
510799,2021-07-23,41.42,0,0,727
510800,2021-04-19,32.384,1,0,912
510801,2021-05-07,20.471,1,0,684
510802,2021-04-13,30.014,1,0,1062
510803,2021-10-20,16.019,1,0,675
510804,2021-08-12,23.416,2,0,946
510805,2021-11-17,23.834,1,2,913
510806,2021-04-21,36.17,1,0,810
510807,2021-06-22,37.677,1,1,774
